t,A,B,C,D,E
1.0,0.7800665778412417,-1.1395431146442365,0.2981524724975481,0.41286746010048125,3
2.0,0.5210609940028851,-0.6800013333066669,0.148710143975583,0.4610351605373052,3
3.0,0.4253356149096782,-0.6209704265741759,0.09916794527147602,0.40914475794226945,3
4.0,0.6967067093471655,-0.6665129078591856,0.09952583060547907,0.4771954413623921,3
5.0,-0.05969769413186021,-0.22057446139579695,0.249783764189357,0.46518640573603964,3
6.0,0.3623577544766734,0.013116851973433707,0.1999417202299663,0.43311685197343375,3
7.0,0.5699671429002409,0.031145829726895946,0.2499996829318346,0.3809859870365597,3
8.0,-0.22919952230128882,0.030497370491970432,0.1999576464987401,0.34879302401846846,3
9.0,-0.4272020946930871,0.20863349611588322,0.24981561513429085,0.2765371822219679,3
10.0,-0.6161468365471424,0.5635581854171929,0.4495736030415051,0.28421768723769103,3
11.0,-1.3885011172553459,0.6938683634116449,0.2992316344213905,0.2718337710215367,3
12.0,-1.9373937155412457,0.598789743470524,0.19878974347052397,0.2793846719714731,3
13.0,-1.6568887533689474,0.5781966068080446,0.048247974377632466,0.36686963500369774,3
14.0,-1.9422223406686583,0.8326150140222005,-0.05239361868082633,0.31428791162814507,3
15.0,-1.9899924966004454,0.7632093666488738,-0.1531349715460811,0.2816387600233342,3
16.0,-1.598294775794753,0.6717526620201257,-0.20397601008346328,0.22892144511055124,3
17.0,-1.366798192579461,0.5605812012792004,-0.2049166501898198,0.2961352386273567,3
18.0,-1.296758416334147,0.7325349075556211,-0.45595679780192405,0.2832794192004101,3
19.0,-1.5909677119144165,0.49088477889845217,-0.6070963489058815,0.25035327241760785,2
20.0,-1.253643620863612,0.13924932921398198,-0.6083351895475314,0.2573560908995227,2
21.0,-1.4902608213406996,-0.21849784823973084,-0.759673195843842,0.2642871743701425,2
22.0,-1.5073328699784194,-0.4783270334708653,-0.6611102339952986,0.33114582972689577,2
23.0,-1.512152526935054,-0.5361553206968974,-0.7126461602992835,0.37793137110996267,1
24.0,-0.7125010165605528,-0.8879509179417303,-0.8642808211644465,0.3646431199708594,2
25.0,-0.5163378145367737,-1.1298361409084934,-0.966014053126063,0.3712804051402926,2
26.0,0.06851667130037709,-1.1581864701049054,-1.1178456828623817,0.37784256289527696,2
27.0,0.6346928759426346,-1.1697231407640243,-1.0197755272119546,0.3043289370255051,2
28.0,0.5755658785102502,-1.261596900310741,-1.0218033931919552,0.3707388788989693,2
29.0,0.6855195169413193,-1.3314607937532426,-1.0739290780174757,0.4370717475268239,2
30.0,0.5601702866503661,-1.477530117665097,-1.2761523691218049,0.46332690962748335,2
31.0,0.7965420970232175,-1.498628011207499,-1.2784730441776846,0.40950373968995046,2
32.0,0.7931849187581925,-1.4942155195492712,-1.3808908711195438,0.4756016200363661,2
33.0,0.9502325919585293,-1.2644053617015305,-1.2334056081667024,0.48161994088377724,3
34.0,0.6693974903498248,-1.3099590510617103,-1.1360170038475519,0.5875581004051142,2
35.0,0.9539022543433047,-1.1322674422239007,-0.8887247970247001,0.4934155047893739,3
36.0,0.8083513145322545,-1.0333152009956565,-0.8415287169210859,0.43919156830099826,3
37.0,0.6385473275743904,-0.9156301052500864,-0.994428483147056,0.4048857133384499,3
38.0,0.8512598425822548,-0.8822184717449315,-0.7474238057284046,0.43049737049197045,3
39.0,0.853955420562649,-0.8364883584585042,-0.5505143851353695,0.49602597860052045,3
40.0,0.2544999661913865,-0.582162504272095,-0.6536999123125855,0.5614709848078965,3
41.0,0.06084513901616384,-0.12318322999237857,-0.7069800687099895,0.5668318446180152,3
42.0,-0.31928865411668556,-0.06361173005840237,-0.6603545263146751,0.6121080219493629,3
43.0,-0.8787200473200125,-0.20752432757013028,-0.6638229476836939,0.5172989891886034,2
44.0,-1.411093014061656,-0.058908342848797646,-0.7673849859777995,0.5624042272433385,2
45.0,-1.111130261884677,-0.02156023561179976,-0.7210402849961307,0.5274232255940169,2
46.0,-1.174843621404164,0.10101137723559883,-0.5747884792118317,0.5323554823449864,3
47.0,-0.9996930420352065,0.10567535073921375,-0.5286291938086045,0.5772005042746817,3
48.0,-1.1846878557941267,0.18975799835035967,-0.5325620447181902,0.6619578068849477,3
49.0,-0.7304262721047532,0.45111139240710885,-0.3865866386587748,0.6466269144494872,3
50.0,-0.8390715290764524,0.6881682338770003,-0.2907025731743183,0.5712073600614355,3
51.0,-0.714265652027199,0.3999818896898556,-0.144909436674799,0.6156986856800477,3
52.0,-0.7609842574272287,0.38625057488968373,0.10079319152262728,0.5401004421765051,3
53.0,-0.585338190771828,0.64732506186213,-0.0535942588484402,0.5644121893788258,3
54.0,-0.5943299064553348,0.8841997197019127,-0.10807134904662041,0.6086334961158832,3
55.0,0.004425697988050786,0.5984871126234903,-0.3626376313666245,0.552763940260521,3
56.0,-0.3969951361812478,0.49237680630956043,-0.517292649184026,0.576803108771767,3
57.0,-0.40650913365210917,0.16857943450706958,-0.6220359370009221,0.5807505977361357,3
58.0,0.168289629767975,0.13025745471377032,-0.8768670204924836,0.6046060124080203,3
59.0,0.5204324789908388,-0.019055638168696487,-1.0817854165543874,0.5883689672491667,3
60.0,0.4438539587324921,-0.3755455764929365,-1.1867906333511262,0.5320390859672263,3
61.0,0.5336336440746379,-0.3352147569853874,-1.2418821703651912,0.5956160015533859,3
62.0,0.7861923022788637,-0.4939843612538972,-1.2470595184471238,0.6990993563190677,3
63.0,0.7994345855010048,-0.6477985509706949,-1.2023221598664302,0.7024888019316975,3
64.0,0.5728325656974353,-1.0927280760196603,-1.0576695683633544,0.6657839994495389,3
65.0,0.3074467814501962,-1.025070648892882,-1.0631012092015022,0.6489846193555862,3
66.0,0.4058839576404496,-1.0414455212290603,-1.1186165392213168,0.7120903415905158,3
67.0,0.27219308355346805,-1.1388798464951,-1.3742150068943917,0.6351008555846923,2
68.0,0.31170399245314745,-1.4148846226387806,-1.129896052378626,0.6780158602892248,2
69.0,0.13081487794904695,-1.4675182747245379,-1.085659107574204,0.6208350642060728,2
70.0,-0.26326278179216644,-1.4954362533063774,-1.24150359618041,0.5835581854171931,1
71.0,-0.06279172292408353,-1.497925381525997,-1.2974289337532527,0.5661849516127341,2
72.0,-0.45981735621375586,-1.4749220735246151,-1.353434527763913,0.5087151001182653,1
73.0,-0.6464848914122672,-1.6270139587712806,-1.4595197776579951,0.4911483779210446,1
74.0,-0.8153524829547207,-1.2554248708134987,-1.3156840749155803,0.5334845416953193,1
75.0,-0.9596879128588212,-1.3619835839190333,-1.1219268031120788,0.555723357826659,1
76.0,-1.273736983011081,-1.2490770962449238,-1.078247337979874,0.5778646024353161,1
77.0,-1.1529529168871804,-0.8195896529353994,-0.9346450474707464,0.6799080613986141,2
78.0,-1.1941776251838154,-0.476829066830075,-0.691119291819078,0.6018535303723597,2
79.0,-1.3957676088732884,-0.3244422189518554,-0.5976694236058292,0.6037008148112765,2
80.0,-1.1576594803233846,-0.2663218973512007,-0.6542947878232798,0.6254497299884602,2
81.0,-0.8813724903622346,-0.2065073541488307,-0.6609947219405291,0.6871001010138504,3
82.0,-0.7699479605420695,0.05091887890969954,-0.5677685559697487,0.6686517628517198,3
83.0,-0.627828035246386,0.40193528049619187,-0.6246156125331804,0.7301045603371779,3
84.0,-0.060678587411362506,0.34268407120445116,-0.6315352069308737,0.6714583481916864,3
85.0,0.1248366619484031,0.469569762196601,-0.5885266472091557,0.6727129910375885,3
86.0,0.12132180526815986,0.37935100352317863,-0.5455892342298239,0.7138683634116447,3
87.0,-0.07905640007152236,0.26922338581191174,-0.4027222617400622,0.7349243497775808,3
88.0,0.11574375491924332,0.1368910801201374,-0.6099250164430636,0.7558808445376399,3
89.0,0.29795620278841545,-0.11937451412019151,-0.6671967780693603,0.7367377520431433,3
90.0,0.26031670824408015,-0.0006906112520823626,-0.674536819448849,0.7574949866040546,3
91.0,-0.003647529708076913,0.19246550033092158,-0.7319444065835091,0.8181524724975481,3
92.0,0.10064017238476997,0.16026865072353846,-0.6894187987207993,0.818710143975583,3
93.0,-0.030977807060950102,-0.0964586776017663,-0.5969592484277352,0.8991679452714761,3
94.0,-0.4012276434127897,-0.17626736046587888,-0.7545650016656293,0.859525830605479,3
95.0,-0.4112953818133307,0.02288134951197618,-0.8622352978654964,0.919783764189357,3
96.0,0.13922034669686956,0.1035637422291108,-0.8199693700041077,1.0199417202299663,3
97.0,0.2522923238654625,0.06882783765776695,-0.727766444680695,1.0799996829318346,3
98.0,0.13138609564549675,0.022115522854382785,-0.7856257421942883,1.0399576464987401,3
99.0,-0.2186781881855644,0.06717462746353695,-0.6435464766216853,1.099815615134291,3
100.0,0.20808206181339195,-0.19203681621406266,-0.6015278558960435,1.1395736030415051,3
101.0,-0.18142663221474084,-0.5514516828715135,-0.559569081886087,1.1192316344213906,3
102.0,-0.5796491566683205,-0.8069976506737597,-0.7676693504759181,1.1187897434705238,3
103.0,-0.7786830050247345,-1.0547012304831975,-0.7758278516454277,1.0782479743776325,2
104.0,-0.5705933258376414,-1.190789270361204,-0.7340437695512971,1.0376063813191738,2
105.0,-1.1477292602242684,-1.4117853423691231,-0.842316282608583,1.056865028453919,2
106.0,-1.3030289574653886,-1.5145985494261156,-0.9506445635728734,1.0360239899165369,1
107.0,-1.0303011087085272,-1.4966024836142182,-1.0590277796230119,1.0350833498101801,1
108.0,-1.3244717749141217,-1.5557023189064934,-1.0674650924443787,1.014043202198076,1
109.0,-1.5817866687932767,-1.690388324405471,-1.175955658312724,1.0129036510941185,1
110.0,-1.7999608263946372,-1.6997744310730112,-0.9344986281785359,1.0716648104524686,1
111.0,-1.9782697014065067,-1.4836208667477724,-0.9430931477519469,1.0103268041561582,1
112.0,-1.9175780505318598,-1.3423402812289549,-1.0517383575881616,0.9288897660047013,1
113.0,-2.020305458367489,-0.9769872049583981,-1.0604333931734005,0.8673538397007164,1
114.0,-2.0903298762015723,-0.9892311105835723,-0.9191773850113518,0.9057191788355535,1
115.0,-1.5328330203333975,-1.0813137655555,-0.7779694587101178,0.9439859468739369,1
116.0,-1.1540937933963558,-1.0559919652079808,-0.8368087350696549,0.9021543171376184,2
117.0,-0.7612379643241853,-1.1164671092263991,-0.8956943301696935,0.9002244727880454,2
118.0,-0.5619540864302295,-1.0663034205057764,-0.9046253554581284,0.9181966068080447,2
119.0,-0.16418697904947743,-0.9093368955327107,-1.1136009178398738,0.9560709219825241,2
120.0,0.024179007336996905,-0.7495773121931888,-1.17262011976617,0.9938476308781952,3
121.0,0.3956343152752115,-0.6911057982592582,-1.2316820593243412,1.0915269558223155,3
122.0,-0.056656437303824636,-0.5379705772119459,-1.0407858303279822,1.1491091288804565,3
123.0,0.26141804802870283,-0.39408355461854794,-0.9999305224075805,1.1465943918332975,3
124.0,0.7451505141481711,-0.26312038681008465,-1.1091152211015478,1.1839829961524482,3
125.0,0.9912028118634736,0.1515734153521483,-1.2183390079476681,1.1212752029752997,3
126.0,0.5977389813911301,0.24706794900097084,-1.2776009605749443,1.098471283078914,3
127.0,0.7644984462781486,0.3209237649014367,-1.2369001527958317,0.995571516852944,3
128.0,0.6928064017629096,0.5712541842384289,-1.0462356546988572,1.0325761942715954,3
129.0,0.5855209834229067,0.4967734946443929,-1.0056065327416102,1.0094856148646305,3
130.0,-0.1530806776713597,0.49682979427879925,-1.165011849844095,1.0063000876874146,3
131.0,-0.3174729706748984,0.47142164494309513,-1.2744506654824401,0.9430199312900105,3
132.0,-0.1011020936355318,0.62119810882011,-1.2339220357829466,0.8596454736853248,3
133.0,0.10335266710397087,0.34744216789938953,-1.243425013616477,0.856177052316306,3
134.0,-0.6963129168457606,0.5520379496464225,-1.2529586486931676,0.8726150140222004,3
135.0,-0.2921388087338362,0.4374225961502389,-1.5125219876574556,0.8689597150038693,3
136.0,-0.07631804821501831,0.20652400627285689,-1.5221140741834138,0.8852115207881681,3
137.0,-0.8415079902223856,0.06268604120434407,-1.731733949070382,0.9613708061913955,2
138.0,-1.5811230330551145,-0.1904168959200063,-1.7413806503388893,0.8774379552818097,1
139.0,-1.6895971655362083,-0.24887372423969711,-1.8010532133268475,0.8534133613412251,1
140.0,-2.3626058663135665,-0.20863659542407975,-1.660750670786018,0.8092974268256817,1
141.0,-2.7972385088794742,-0.5656242977116821,-1.5204720529787359,0.7450905633252011,0
142.0,-2.3921143990644502,-0.9158265122328492,-1.730216387774883,0.6807931915226273,0
143.0,-1.9474378189567576,-1.055406258342713,-1.7899827007491005,0.6964057411515601,0
144.0,-1.4649898828201886,-1.1807979109541473,-1.6497700152782295,0.7519286509533797,1
145.0,-1.3480575296890005,-1.2887982859754166,-1.459577352638973,0.7473623686333754,1
146.0,-0.801302483481152,-1.3766484670355754,-1.419403732105767,0.642707350815974,1
147.0,-0.6305754047766268,-1.5421042831984613,-1.3792481710488542,0.6379640629990782,1
148.0,-0.6426826434429203,-1.483493637281543,-1.4891096850325443,0.6331329795075165,1
149.0,-0.24511489094451136,-1.3997592203028826,-1.498987287913656,0.6082145834456127,1
150.0,0.35425144988758406,-1.3904855208971565,-1.5088799919401328,0.5432093666488739,2
151.0,0.5474682721812633,-1.0559094397335025,-1.518786807849816,0.5181178296348089,2
152.0,0.5268326309626121,-0.8969142377852898,-1.5287067449693703,0.5329404815528763,2
153.0,1.0851938352639872,-0.6150069730458831,-1.5886388113133503,0.5676778401335698,3
154.0,0.8162385236075703,-0.8122800020792701,-1.7485820136833983,0.5423304316366455,2
155.0,0.9147423578045313,-0.8913575298651244,-1.6085353577675627,0.5768987907984979,3
156.0,0.9767783008322618,-0.5553285733456658,-1.718497848239731,0.5713834607786832,3
157.0,0.7998731754079829,-0.30766805114955853,-1.5784684888591567,0.565784993105608,3
158.0,0.7831062617624529,-0.15214801529003844,-1.7884462825700869,0.5001039476213743,3
159.0,0.727146003831664,0.00725870753800251,-1.6984302316014652,0.574340892425796,3
160.0,0.6342233605065102,0.16648000353715925,-1.7584193375667097,0.5284964038195901,3
161.0,0.3080428643420058,0.12144849571870642,-1.9184126015635465,0.5025710662467473,3
162.0,0.35363493353465497,0.26820544680996156,-1.928409024273904,0.4965654722360864,3
163.0,-0.022844674976666368,0.10300188691303347,-1.8384076060638417,0.4504802223420049,2
164.0,0.1856397238857843,0.4223943825651005,-1.8984073470835132,0.4643159250844199,3
165.0,-0.013276747223059479,0.6233330007380815,-1.958407247367149,0.43807319688792135,3
166.0,-0.21166391631732553,0.6032392206992181,-1.7684063069330538,0.5117526620201256,3
167.0,-0.4016127130121261,0.8600718034403323,-1.7284035258836037,0.6053549525292535,3
168.0,-0.9755504782013432,0.6923789360126595,-1.888397904505235,0.5788807081809221,2
169.0,-1.7265428620792345,0.49933531871761383,-1.8483884433684141,0.5923305763941707,1
170.0,-2.048570274784605,0.3807632477451529,-1.95837414342758,0.48570521217672025,1
171.0,-1.9367678684526697,0.5371371546945946,-1.7683540061210477,0.39900527805947095,1
172.0,-2.1876194833474774,0.5695714870138655,-1.7783270334708647,0.3122314440302515,1
173.0,-1.999097826054726,0.479792238956611,-1.6882922281826076,0.36538438746681956,1
174.0,-1.9707452912726806,0.3700928603112,-1.7482485937451089,0.2784647930691264,1
175.0,-1.5036922050915067,0.3432756692322479,-1.7081951345301083,0.23147335279084436,1
176.0,-1.8006117624589937,0.30258026580925546,-1.6681308558918173,0.20441076577017614,1
177.0,-1.4656134553337594,-0.04839922492122978,-1.7280547642663797,0.19727773825993777,1
178.0,-0.904079240209085,-0.20580596645682253,-1.5879658672712273,0.1700749835569364,1
179.0,-0.5224489764913021,-0.1656189353887227,-1.4478631738043186,0.16280322193063967,2
180.0,-0.5279636896274047,-0.22375564018679642,-1.3077456941432481,0.13546318055115103,2
181.0,-0.5283768942708296,-0.37617641021444786,-1.0676124400442182,0.14805559341649088,2
182.0,-0.5316454861199033,-0.8189875908652133,-1.1274624248408605,0.24058120127920068,2
183.0,-0.5456125255957308,-0.9485410086566037,-1.1872946635429031,0.1530407515722647,1
184.0,-0.37769455977346356,-1.2615271654022824,-1.1471081729346697,0.1854349983343706,1
185.0,-0.6345859480546565,-1.4550597807770702,-1.1069019716733997,0.27776470213450366,1
186.0,0.07800802081681035,-1.72674952359833,-1.11667508038738,0.31003062999589226,1
187.0,0.35559858061283944,-1.574765048326201,-1.2764265217738833,0.2622335553193046,2
188.0,-0.004907559434461195,-1.6978797775788446,-1.286155320696897,0.25437425780571166,1
189.0,-0.005084894891327019,-1.895503235583074,-1.2458605042846371,0.30645352337831455,1
190.0,0.15507364404729485,-1.8676961321338053,-1.1055411020268318,0.3184721441039564,1
191.0,0.07715641070691803,-2.0151688117360425,-1.2651961458717733,0.31043091811391266,1
192.0,-0.23573028070122426,-1.7392631075467442,-1.3248246703231241,0.3823306495240819,1
193.0,0.22091400597476163,-1.6419180636654738,-1.384425712536462,0.2941721483545725,1
194.0,0.2528044106399808,-1.5256204014127983,-1.4439983124155675,0.3059562304487027,1
195.0,0.06664293235993729,-1.5933409949567783,-1.6035415127084294,0.2176837173914169,1
196.0,-0.5301487581928727,-1.2484589790452199,-1.6130543591029702,0.22935543642712675,1
197.0,-0.7297251973281926,-1.1946754275445355,-1.5225359003224785,0.18097222037698868,1
198.0,-0.9241299022175635,-0.8359188079043413,-1.6319851882207341,0.1925349075556212,1
199.0,-1.1056125707565818,-0.4762446267544519,-1.791401277876821,0.20404434168727625,1
200.0,-1.066938061652262,-0.41973183023098043,-2.00078322768962,0.23550137182146424,1
201.0,-1.4016748366746303,-0.17037860553008854,-2.2601300994719686,0.2669068522480531,1
202.0,-1.1044513657900197,-0.13200024548386435,-2.269440958544477,0.3182616424118385,1
203.0,-1.3711702731126902,0.2918683147480662,-2.378714873828998,0.36956660682659914,1
204.0,-1.599171686351379,0.5980627991286724,-2.53795091794173,0.40082261498864824,1
205.0,-1.3873392775238265,0.9838704235458307,-2.74714816728596,0.37203054128988267,1
206.0,-1.3361447674306612,0.9470991950577611,-2.956305702144417,0.4431912649303451,1
207.0,-1.6476291196356792,0.9861339073024,-2.7654226067712457,0.4543056698303065,1
208.0,-1.7253211736891914,0.9999774016437215,-2.5744979694835823,0.44537464454187115,1
209.0,-1.5740969614310336,0.7882760400210986,-2.5835308827527177,0.4163990821601262,1
210.0,-1.3999853149883514,0.6513287387867805,-2.5925204432948523,0.46737988023382976,1
211.0,-0.8099275162637292,0.6900793327581729,-2.451465752161423,0.498317940675659,2
212.0,-0.21150056993025776,0.5060924645484999,-2.5603659148289983,0.5092141696720173,2
213.0,0.187384867834179,0.3015136150933898,-2.619220041288727,0.5000694775924195,2
214.0,0.37879986224521894,-0.020985703589179838,-2.528027246135343,0.5108847788984522,2
215.0,0.15511330152062563,-0.45827619333077624,-2.536786648655699,0.5216609920523317,2
216.0,0.5092961252257329,-0.6068507090900296,-2.4954973729168453,0.43239903942505536,2
217.0,0.8352015507314471,-0.6629138504921341,-2.5041585478536117,0.4030998472041683,2
218.0,1.1278101260403985,-0.7224789169758263,-2.412769307355724,0.3737643453011428,2
219.0,0.9834298394982847,-0.7814697497864016,-2.5213287903544064,0.4043934672583899,2
220.0,0.7998433086476913,-0.8358248592171487,-2.4798361409084935,0.43498815015590464,2
221.0,0.17639618026932957,-1.0816011771234877,-2.338290508290018,0.44554933451755996,1
222.0,0.11402321737995158,-1.0150747843071073,-2.2466910470692874,0.47607796421705334,1
223.0,-0.5847889668193056,-1.0328360396452172,-2.105036917199424,0.426574986383523,1
224.0,-0.3161010423643035,-1.1318766808502996,-2.11332728410037,0.43704135130683197,1
225.0,0.1253219888177297,-1.0096666718335283,-1.9215613187423437,0.42747801234254446,1
226.0,0.5458020900549925,-0.9642188335728272,-1.729738197728743,0.4578859258165863,2
227.0,0.15249615320336046,-0.9941396074619059,-1.9378571033784828,0.44826605092961797,2
228.0,0.5531106759529568,-1.2986646543686324,-1.9459172238077644,0.49861934966111043,2
229.0,0.15559452808448343,-1.3776783800093035,-2.0539177530112607,0.4089467866731525,1
230.0,-0.032177944884778265,-1.4317168878547029,-2.1118578909427193,0.419249329213982,1
231.0,-0.40272084700786065,-1.3619542841346832,-2.269736843594963,0.4695279470212642,1
232.0,-0.749235170956358,-1.3701726847858313,-2.2775538230792933,0.37978361222511686,0
233.0,-1.2658798529871258,-1.4587166905277704,-2.1353080477042754,0.4100172992508991,0
234.0,-1.3480046377211856,-1.2304334930220029,-2.242998742053909,0.36022998472177054,0
235.0,-1.3923354691509289,-0.9886001421273367,-2.0506251370651674,0.2504226473610271,0
236.0,-1.7971050169212832,-1.03683983224151,-2.008186470104905,0.2005962678942329,0
237.0,-1.7621231342138208,-1.1790293462305064,-2.015681985046119,0.21075182895114536,0
238.0,-1.688784438300377,-0.8192000213306865,-2.173110932343562,0.22089031496745576,0
239.0,-1.7800127115533773,-0.5614347668924566,-2.180472569108694,0.1310127120863438,0
240.0,-1.8401443394691996,-0.20976376469205382,-2.087766159183974,0.12112000805986722,0
241.0,-1.0747554326626587,-0.16806151619194576,-1.9949909732164721,0.1312131921501838,1
242.0,-1.09043952493326,-0.13994786672240156,-2.0021462887308052,0.061293255030629656,1
243.0,-0.4945447098797,0.07130446503581256,-1.959231390201386,0.11136118868664957,2
244.0,-0.0948806955963143,0.1628534900679901,-1.9162455691239704,0.04141798631660176,2
245.0,-0.09940745625636294,0.03236054886619155,-2.123188124086512,0.031464642232436724,2
246.0,-0.5159178930608388,0.07805005349956495,-2.1300583608392993,0.0015021517602691326,1
247.0,0.04827284414044597,0.19875484577733393,-1.9868555923643834,-0.0684684888591568,2
248.0,-0.2133810112108956,0.1939460128104361,-1.9935791389442745,-0.13844628257008684,2
249.0,0.09360511667450977,0.16374639832043103,-1.9502283282299189,-0.24843023160146582,2
250.0,0.36496602849211335,0.20892746454341382,-1.9068024953079281,-0.29841933756670946,2
251.0,0.7978567898801314,0.33088958489294773,-1.7133009827670733,-0.2684126015635466,3
252.0,0.99096614997482,0.5316262708145245,-1.769723140764024,-0.2784090242739041,3
253.0,1.3445688168445349,0.41367324667197475,-1.7260683270883324,-0.34840760606384213,3
254.0,0.8605145057459257,0.18004367357003043,-1.5823359072266527,-0.43840734708351314,3
255.0,0.9421541968137825,-0.06584882315158613,-1.6885252544261955,-0.448407247367149,2
256.0,0.7942065420576683,-0.020277356456367274,-1.7446357497573972,-0.4384063069330538,2
257.0,0.6225697475968902,-0.17929698255508025,-1.7006667821758175,-0.46840352588360373,2
258.0,0.23408643079538105,-0.3388454762039871,-1.6066177485832405,-0.4183979045052354,2
259.0,0.03627082670050258,-0.29484710200862757,-1.6124880538879842,-0.4883884433684141,2
260.0,-0.7629907807957055,-0.5433167308503272,-1.5682771110644103,-0.5583741434275801,1
261.0,-1.1557544602087475,-0.6804616417360311,-1.5739843412116252,-0.5483540061210478,0
262.0,-1.3343353319413849,-0.9027784084993153,-1.629609173611371,-0.5183270334708652,0
263.0,-1.2916139401821607,-1.1071423963396154,-1.7851510457850934,-0.5282922281826076,0
264.0,-1.0213200831418752,-1.0908875819719928,-1.940609403550195,-0.5982485937451087,0
265.0,-0.5182827862121189,-0.8518746583469646,-1.6959837010754466,-0.6081951345301084,0
266.0,-0.37863645240499155,-0.8885456841759631,-1.7512734009355744,-0.6181308558918178,0
267.0,-0.7999749715063864,-0.7999638822165076,-1.9564779741650011,-0.6880547642663797,0
268.0,-1.3814476440973231,-0.685837569652733,-1.9615969003107405,-0.6979658672712273,0
269.0,-1.7237930962552375,-0.6465276092592895,-2.0166296674844437,-0.7078631738043186,0
270.0,-1.6293098328631501,-0.5830381910054154,-2.021575772413588,-0.6777456941432487,0
271.0,-1.7017646034733183,-0.7969911795871223,-2.1264347204918015,-0.7276124400442183,0
272.0,-1.7462422338892707,-0.7905846831908424,-2.081206025828326,-0.7374624248408607,0
273.0,-0.9689429102071134,-0.4665369018675096,-2.1358892112966026,-0.7472946635429032,0
274.0,-0.776934996961671,-0.22801668993456314,-2.2904838085819885,-0.7971081729346704,0
275.0,-0.5778732437380443,-0.3785626062195503,-2.3449893582285837,-0.7069019716733997,0
276.0,-0.3796936144615576,-0.32199252004175244,-2.2494054096851777,-0.73667508038738,0
277.0,-0.19029690555948708,-0.062306082086388596,-2.2537315213503053,-0.7464265217738832,1
278.0,-0.21723376613988754,0.09641744840503635,-2.3579672606164057,-0.8161553206968974,1
279.0,0.5325963225609112,-0.049876589920665515,-2.2621122039130803,-0.8258605042846371,1
280.0,0.05322010772258401,0.0948853175526343,-2.2661659367494553,-0.8155411020268317,1
281.0,-0.060171300318890175,0.22700516518060254,-2.520128053755624,-0.8651961458717735,1
282.0,-0.011030712815686461,0.5431078942148315,-2.323998158723188,-0.8348246703231241,1
283.0,-0.2013172099194659,0.4402276101407837,-2.4277758646448753,-0.7844257125364625,1
284.0,-0.6314180383379696,0.6158833477381271,-2.1814607937532426,-0.8139983124155676,1
285.0,-0.7001331730308062,0.8681424484121911,-2.185052577558449,-0.7835415127084293,1
286.0,-0.20472315842092426,0.7956699307950619,-2.3885508568851077,-0.8330543591029702,1
287.0,-0.14101832184360275,0.49776259342302454,-2.2419552819082007,-0.9025359003224791,1
288.0,-0.3035850052374328,0.17436697832260384,-2.3952655121880633,-0.8919851882207341,1
289.0,-0.4859421879443488,0.426080736617659,-2.448481216704426,-0.901401277876821,1
290.0,-0.6808198645511807,0.35413736127250073,-2.601602073889516,-0.97078322768962,0
291.0,-1.480448877063698,0.560374676979692,-2.7046277716602165,-0.9001300994719685,0
292.0,-1.476870646718798,0.3471878921320662,-2.557558007449271,-0.8694409585444771,0
293.0,-1.8622544574050628,0.2174684121865787,-2.610392488235543,-0.858714873828998,0
294.0,-2.029209641602888,-0.1254700225407499,-2.4631309305733167,-0.8879509179417303,0
295.0,-1.5710802229758452,-0.27797598780692456,-2.415773060620639,-0.8571481672859602,0
296.0,-1.482210269143113,-0.4361536526561894,-2.5683186141667074,-0.8663057021444167,0
297.0,-1.3581693758551365,-0.3959623001097088,-2.5707673366582884,-0.7754226067712463,0
298.0,-1.1959292932301298,-0.5533195490313725,-2.373118983225174,-0.7044979694835827,0
299.0,-0.7939846525206635,-0.8042056403226596,-2.4753733187046665,-0.7135308827527181,0
300.0,-1.3524129804151563,-1.144766123410311,-2.677530117665097,-0.7225204432948524,0
301.0,-1.2728716082934541,-1.2714103198562121,-2.6295891644283667,-0.7914657521614235,0
302.0,-1.358531599654735,-1.4809030487937018,-2.631550253091515,-0.9003659148289982,0
303.0,-1.4139513298226687,-1.470447271024494,-2.4834131875473107,-0.8692200412887275,0
304.0,-1.6448947579060242,-1.4377555405967732,-2.53517778150386,-0.8780272461353429,0
305.0,-1.2581016359382675,-1.3811084386030985,-2.5368438585032367,-0.8467866486556999,0
306.0,-1.0610188162324568,-1.199398496481305,-2.2884112519391304,-0.895497372916845,0
307.0,-1.0615033688794673,-1.2921584867787514,-2.239879805073504,-0.8441585478536119,0
308.0,-0.6675093451578676,-1.1595733586800152,-2.191249371052267,-0.8327693073557237,0
309.0,-0.2867706746098819,-1.2024755133998446,-2.092519812919963,-0.8213287903544065,0
310.0,0.2735071623235862,-1.1223235401334872,-1.8436910036334644,-0.7698361409084934,1
311.0,0.8069343940699727,-1.2211649557637814,-1.8447628260746756,-0.7982905082900177,1
312.0,0.9081916979535211,-0.9015839001552719,-1.9957351730622452,-0.8466910470692872,1
313.0,0.7732422648042925,-0.6666351231818312,-2.1466079473622854,-0.7750369171994238,1
314.0,0.39949273380088557,-0.6197659498176222,-2.0473810616980934,-0.7433272841003701,1
315.0,0.18589658158254962,-0.5647282167271322,-2.0480544387588795,-0.7915613187423438,1
316.0,-0.06700415616691058,-0.7054824299720471,-1.898628011207499,-0.7397381977287432,1
317.0,0.04289950602864423,-0.5460965921680773,-2.1491017216871846,-0.6878571033784827,1
318.0,-0.0808005751579528,-0.29064228359562544,-2.199475522827284,-0.7159172238077642,1
319.0,-0.23317286784797975,-0.24309065191757273,-2.099749377247994,-0.7439177530112606,1
320.0,-0.40814276957045004,-0.007210967491681708,-1.8999232575641007,-0.8318578909427192,1
321.0,-0.5987347824931547,0.2135256642736738,-1.699997146387718,-0.7597368435949633,1
322.0,-1.197350604508736,0.11603497381106387,-1.7999710363300245,-0.7675538230792938,0
323.0,-1.3960720495619032,0.09769831639631688,-1.9498449300020042,-0.7753080477042756,0
324.0,-1.5869767207401564,0.3564295665625592,-2.0496188400141855,-0.7629987420539092,0
325.0,-1.762453851238172,0.1907284090790482,-2.299292788975378,-0.8306251370651674,0
326.0,-1.7155077216130872,0.2997186651537732,-2.3488668094904144,-0.7781864701049053,0
327.0,-1.2400365570424712,0.1831706748002867,-2.3983409441568875,-0.7256819850461192,0
328.0,-1.1310757858312195,0.24150716360156377,-2.2477152455608933,-0.673110932343562,0
329.0,-1.1849959612184215,0.17579244400184302,-2.19698977627177,-0.680472569108694,0
330.0,-1.59964745596635,0.18770522698411352,-2.196164608835841,-0.7477661591839742,0
331.0,-1.574446161214865,0.0794957386707773,-2.1452398257691625,-0.754990973216472,0
332.0,-2.1103967730584245,-0.14607176267758581,-2.0942155195492713,-0.7621462887308058,0
333.0,-2.0100527384832927,-0.2857896008370585,-2.043091792605935,-0.829231390201386,0
334.0,-1.6774144574940792,-0.43608862309928415,-2.1918687573109126,-0.7962455691239705,0
335.0,-1.117769799789505,-0.29312937582371856,-2.0905465359667135,-0.7831881240865122,0
336.0,-1.53748329408441,-0.25290018494429295,-2.18912526079437,-0.7900583608392996,0
337.0,-1.1437423944342893,-0.31131963592153356,-1.9376050739202153,-0.7968555923643834,0
338.0,-1.144270939123429,-0.5643408352451844,-1.8359861273616704,-0.7635791389442745,0
339.0,-0.9470212256065104,-0.6080547900822936,-1.7842685830120415,-0.6702283282299188,0
340.0,-0.9598569775039592,-0.8387902651926438,-1.8324526126243326,-0.5768024953079283,0
341.0,-0.39023984275669965,-1.1532075662235717,-1.830538397794069,-0.6233009827670734,0
342.0,-0.0449319212692838,-1.0483838536490804,-1.7285261299411385,-0.6897231407640239,1
343.0,0.27027381867424727,-1.1218878079718861,-1.6264160102906495,-0.7160683270883323,1
344.0,0.5507844877750759,-1.3718417388333104,-1.5742082498528092,-0.6623359072266527,1
345.0,0.39339037972227164,-1.4969695514270245,-1.321903069401821,-0.608525254426195,1
346.0,-0.003607067945440412,-1.496629344893727,-1.3695006994538086,-0.5346357497573968,1
347.0,-0.04032755751444672,-1.5708298099567042,-1.4670013802437658,-0.5406667821758177,0
348.0,0.2846928410561633,-1.7202300069135412,-1.7144053617015305,-0.6066177485832405,0
349.0,0.3744433278635736,-1.4461225296552724,-1.9117129034267932,-0.6124880538879842,0
350.0,0.8333192030862999,-1.3504004857954386,-2.1089242746631385,-0.6182771110644103,1
351.0,1.2669466402362901,-0.9355091364158861,-2.056039754271118,-0.6439843412116257,2
352.0,1.081958388375392,-0.8043834308130584,-2.1030596307003675,-0.5496091736113708,2
353.0,0.8857293453411141,-0.5603730319466163,-2.0999842019607606,-0.6351510457850935,1
354.0,0.4860825438426932,-0.20715674784794008,-2.096813775592609,-0.5806094035501945,1
355.0,0.09097727183392934,-0.14864855487508016,-2.0935486686359064,-0.6459837010754466,1
356.0,-0.6918082391804632,-0.1888976134910179,-2.090189207598628,-0.6912734009355745,0
357.0,-0.8549869076893757,0.16801516929470964,-2.336735728424079,-0.6964779741650011,0
358.0,-1.1920533151194235,0.5180813884635611,-2.3331885764572977,-0.7215969003107404,0
359.0,-1.2975430563444248,0.4574675374308741,-2.229548106410525,-0.7466296674844438,0
360.0,-1.3672505882738824,0.4826129366324095,-2.4258146823277325,-0.8315757724135882,0
361.0,-0.9983968915845978,0.39032069262646607,-2.571988677548217,-0.8764347204918014,0
362.0,-0.9897402614514161,0.27783936412193466,-2.718070474669267,-0.8412060258283254,0
363.0,-1.3416258104001715,0.042933248738101226,-2.564060465507907,-0.8258892112966023,0
364.0,-1.0559717097603538,-0.11606050500939236,-2.55995905106171,-0.8304838085819886,0
365.0,-0.7361927182273159,-0.10018941944697479,-2.7557666414687043,-0.8349893582285834,0
366.0,-0.9870640462090193,-0.0098589283314644,-2.901483655966355,-0.8394054096851777,0
367.0,-0.6145309832560956,-0.04482201986910361,-2.697110522849642,-0.8637315213503054,0
368.0,-0.02547187812891344,-0.3041855467388509,-2.5426476794282347,-0.8279672606164055,0
369.0,-0.22742392073840179,-0.28643304192763996,-2.5380955719827547,-0.8921122039130803,0
370.0,-0.6282826581692225,-0.08946345753725593,-2.3334546557201534,-0.8161659367494549,0
371.0,-0.4359872241334288,-0.11064483696314364,-2.27872539472819,-0.8601280537556237,0
372.0,-0.858203830762695,-0.2468815493661991,-2.073908261929022,-0.843998158723188,0
373.0,-0.5020201409227727,-0.09469336890368946,-2.019003739031916,-0.8677758646448754,1
374.0,-0.3736627054614532,-0.05030437860625675,-1.9140123164850744,-0.8114607937532425,1
375.0,0.3217512697247493,-0.00973942781276056,-2.108934493426592,-0.855052577558449,1
376.0,0.7804179305413608,-0.36892567911619956,-2.2037707776345434,-0.8585508568851079,1
377.0,1.199998422354977,-0.6237966507597696,-2.0985216854762045,-0.881955281908201,1
378.0,0.5797121327468037,-0.5703960966751951,-2.293187741856417,-0.9052655121880633,1
379.0,0.5203678120664357,-0.9049790705025273,-2.4377694801650978,-0.8084812167044256,0
380.0,-0.17566866889244226,-1.0241075918674545,-2.3822674422239007,-0.7916020738895162,0
381.0,-0.30456863869463746,-1.2247384710794162,-2.376682178232036,-0.8146277716602164,0
382.0,-0.8611932623115129,-1.10430104873075,-2.2210142467112473,-0.8375580074492711,0
383.0,-0.8392984102570452,-1.4607628643049582,-2.2652642144499637,-0.8003924882355433,0
384.0,-0.831783592325941,-1.492681576261191,-2.2094326564466193,-0.7831309305733165,0
385.0,-1.0309750317312165,-1.7992418072737844,-2.253520155852156,-0.8057730606206388,0
386.0,-1.6289315943687472,-1.780275973399309,-1.9975273039117047,-0.7283186141667072,0
387.0,-1.417761376774218,-1.6362685650810103,-2.041454699905466,-0.6507673366582882,0
388.0,-1.1899363314099594,-1.7683437706305383,-2.1853029510887807,-0.6931189832251736,0
389.0,-1.338592386164132,-1.3782367583504556,-2.1290726726314024,-0.7153733187046665,0
390.0,-1.0578030932449878,-1.368249350908215,-2.2227644875559873,-0.737530117665097,0
391.0,-1.1428158979523702,-1.2411912242788254,-2.1663790266757843,-0.7395891644283669,0
392.0,-1.5902416080360045,-1.2003081333548202,-2.3099169285315613,-0.7415502530915153,0
393.0,-2.1981895100953386,-0.7491989977312625,-2.1533788393277464,-0.7634131875473108,0
394.0,-2.566342746356323,-0.6917239657455132,-2.296765412867813,-0.8051777815038594,0
395.0,-2.495970946790963,-0.23190580531549476,-2.3400773104888946,-0.9068438585032366,0
396.0,-1.9898796129768652,0.1261728594095766,-2.1333152009956566,-0.8884112519391305,0
397.0,-1.6522982716026375,0.17847384045192938,-1.9764797605934126,-0.949879805073504,0
398.0,-0.8887118565858414,0.5211065432666143,-1.9195716728205074,-0.9712493710522669,1
399.0,-0.5056420420664123,0.5504273536648031,-1.8125916284799617,-0.9325198129199632,1
400.0,-0.11038724383904756,0.7631327155167837,-1.605540325570392,-0.9336910036334645,2
401.0,0.08926834545310194,0.8563435215245969,-1.4984184692162137,-0.9347628260746754,2
402.0,0.08536508751459021,0.8276786612653135,-1.4912267715971266,-0.9957351730622453,2
403.0,-0.12991477594152046,0.5753158476883845,-1.5839659518769005,-0.9366079473622855,2
404.0,0.43606454615886386,0.4980381682278888,-1.676636736131457,-0.9973810616980933,2
405.0,0.37668598202163117,0.4952651713612277,-1.4692398572762622,-0.9380544387588794,2
406.0,0.2863433987555546,0.3670676944947542,-1.711776054993037,-0.8586280112074989,2
407.0,0.7606651011994308,0.4141660543915484,-1.7042460756557913,-0.8991017216871848,2
408.0,1.1966881176125166,0.3379116463676147,-1.4466506722561834,-0.939475522827284,3
409.0,1.192976324007624,0.04025242231305115,-1.3389906043282236,-0.879749377247994,3
410.0,0.7496776978825432,-0.07631687058293224,-1.3812666378723217,-0.7999232575641009,2
411.0,1.0685184188241583,-0.3088184192298203,-1.4234795452786855,-0.779997146387718,2
412.0,0.9527340511756142,-0.4538674141612748,-1.4156301052500864,-0.7599710363300245,2
413.0,0.2069405522963571,-0.40775851595948787,-1.4077191027239857,-0.8598449300020043,1
414.0,-0.3630497510912872,-0.36656050975589766,-1.3497473287940438,-0.8996188400141855,1
415.0,-0.550459882026662,-0.7262167298182243,-1.0917155806310093,-0.9192927889753779,1
416.0,-1.3478183899962675,-0.7826486888340903,-1.0836246614030074,-0.9588668094904143,0
417.0,-1.5472572140881293,-0.8318602646364999,-1.275475380195217,-1.0183409441568876,0
418.0,-1.5408253577513085,-1.1700397828758522,-1.3172685519289686,-0.9577152455608933,0
419.0,-1.320805869937554,-1.0936573878926308,-1.409004997280249,-0.9569897762717696,0
420.0,-1.080023495587339,-1.2995552144094877,-1.5006855425976375,-0.9361646088358406,0
421.0,-0.6121307304063011,-1.185028056567961,-1.5923110198196697,-0.9752398257691627,0
422.0,-0.5118608758306834,-0.9478924735841108,-1.8338822663916443,-0.9542155195492714,0
423.0,-0.3752380056790884,-0.9865425666893322,-1.875400125181879,-0.9730917926059354,0
424.0,-0.39973547378255847,-1.0999910025101414,-1.9668654443974287,-0.9718687573109126,0
425.0,-0.3843766433940419,-0.9878942349269819,-2.0582790774992583,-0.9705465359667133,0
426.0,-0.3297738226135346,-1.0505612811086753,-1.9996418831169025,-1.00912526079437,0
427.0,-0.4381038535963899,-1.188945827534959,-2.140954724962601,-0.9876050739202153,0
428.0,-0.7130213287260063,-1.1046218676622024,-2.2322184717449316,-1.0059861273616704,0
429.0,-0.7595128935482331,-1.0997434935786004,-2.323433997081935,-1.0842685830120415,0
430.0,-0.9836984449497419,-0.8769898687885427,-2.3146021794137575,-1.0424526126243325,0
431.0,-1.3925871501815537,-0.7394967878201323,-2.355723901914805,-1.040538397794069,0
432.0,-0.9937980134795231,-0.7907765709954365,-2.19680005240543,-1.0185261299411386,0
433.0,-0.39525613040856367,-0.7346283406860779,-2.337831523263147,-0.9964160102906497,0
434.0,-0.20487673931157224,-0.5750409710863337,-2.278819211333396,-1.0342082498528093,0
435.0,-0.030249665734688014,-0.31609119069364305,-2.519764017839859,-0.9719030694018208,0
436.0,0.12166325996620031,-0.16183944051295845,-2.6106668482943407,-1.0295006994538087,0
437.0,0.04480574883234345,-0.11622614833200817,-2.6015286124062147,-1.027001380243766,0
438.0,0.13426849843124367,0.017028931213668996,-2.5923502239914535,-0.9844053617015307,1
439.0,-0.013515088747575676,0.33452173938448293,-2.6331326008812512,-0.9817129034267937,1
440.0,-0.0006267163048753188,0.4332508714921063,-2.7738766648302358,-1.0389242746631384,1
441.0,0.1724197970216671,0.61069424908256,-2.7645833414243013,-1.0760397542711182,1
442.0,-0.2933009983109255,0.864873547523059,-2.5552535599880426,-1.0130596307003676,1
443.0,-0.5951690215867053,0.894404733161828,-2.595888253491829,-0.9899842019607611,1
444.0,-0.7291231161808036,0.8985334190673746,-2.3364883584585043,-0.9268137755926089,1
445.0,-0.6898229550583311,0.8771541361694929,-2.377054814869741,-0.8235486686359066,1
446.0,-1.0708619427609298,0.9308130275123584,-2.167588566072035,-0.8201892075986287,1
447.0,-1.265022626150449,0.9606938967938446,-2.208090558682378,-0.7767357284240792,1
448.0,-1.0645644314896157,0.8685879675871725,-2.098561742493594,-0.7331885764572976,1
449.0,-0.8615322566901367,0.5568481257587208,-1.939003070379361,-0.7295481064105251,1
450.0,-1.2480736161291701,0.22832881397913646,-1.829415498198926,-0.7058146823277325,1
451.0,-0.8167516944712085,-0.11368688625134055,-1.7697999847015162,-0.7019886775482167,1
452.0,-0.7608418290271979,-0.5655711223422126,-1.9101574914304682,-0.6580704746692669,0
453.0,-0.8745996008351042,-0.8234439456788568,-1.7504889826270749,-0.674060465507907,0
454.0,-1.3534898465163545,-0.8832724265909491,-1.6907954251341593,-0.5699590510617106,0
455.0,-0.9943674609282015,-1.240973677288101,-1.6310777882993923,-0.5857666414687048,0
456.0,-1.5956027825808228,-1.4925191509973985,-1.5213370438783587,-0.6414836559663548,0
457.0,-1.1571465630982067,-1.734037552936024,-1.5115741659373851,-0.6171105228496424,0
458.0,-1.6805319305955073,-1.5619137342137992,-1.451790130756129,-0.5326476794282347,0
459.0,-1.3688132686991532,-1.6728810423777882,-1.441985916729955,-0.5480955719827547,0
460.0,-1.426444447910339,-1.664104769464502,-1.2321625042720952,-0.5434546557201532,0
461.0,-1.0591012638431008,-1.5332545658429293,-1.1223208757156102,-0.4587253947281898,0
462.0,-1.2734551611642542,-1.3785639700055294,-1.062462015215154,-0.4539082619290224,0
463.0,-0.6769072641474503,-1.3988755335927263,-0.8525869086485611,-0.4290037390319165,1
464.0,-0.6772933172039939,-1.3936703889127258,-0.8426965435182585,-0.4240123164850748,1
465.0,-0.4825712984802984,-1.4630815036414968,-0.6327919088525167,-0.4189344934265921,1
466.0,0.09949583961801345,-1.5078902841058948,-0.82287399510655,-0.4537707776345433,1
467.0,0.2616496548410261,-1.3295066139204814,-0.8129437940634674,-0.3885216854762045,2
468.0,0.19742558628175222,-1.2299328378997698,-0.8530022987350978,-0.4831877418564172,2
469.0,0.3014106760193782,-1.1117126112924112,-0.993050503262689,-0.3977694801650978,2
470.0,0.3694593666699876,-0.9778659210058769,-1.0330894028174964,-0.41226744222390127,2
471.0,0.19885877167741128,-1.1318119387324366,-1.0231199935012631,-0.36668217823203625,2
472.0,0.5884368295391845,-1.1772816767269703,-1.0631432722466128,-0.4010142467112476,2
473.0,0.5386090302000182,-0.9182226774824355,-1.203160236717356,-0.35526421444996353,2
474.0,0.45136185077885116,-0.8586981720466735,-1.2931718852087286,-0.3494326564466194,2
475.0,0.1301735609948197,-0.5027832830248189,-1.1831792165475568,-0.24352015585215586,2
476.0,0.1798755555298326,-0.25446092380686497,-1.2731832299923795,-0.2375273039117048,2
477.0,0.006459741569003363,0.08247994668050129,-1.1631849251335211,-0.23145469990546602,2
478.0,-0.3831603396302957,0.004541114571195548,-1.253185301793138,-0.22530295108878057,2
479.0,-0.7814251338114174,0.30860447444861483,-1.09318535992523,-0.23907267263140322,2
480.0,-0.7804304492910838,0.2920116826993705,-1.0831860995156504,-0.2127644875559877,2
481.0,-0.9722425721387373,0.352632066052633,-1.2231885204821067,-0.22637902667578438,2
482.0,-1.3492145583145831,0.3889170505519275,-1.413193622574173,-0.179916928531561,1
483.0,-1.3042910931971872,0.3999397205478019,-1.35320240527331,-0.21337883932774662,1
484.0,-1.0312897647130845,0.28541849715965384,-1.4932158676929221,-0.16676541286781293,1
485.0,-0.725147536596414,0.24572433133023042,-1.6832350084784435,-0.16007731048889445,2
486.0,-1.1821225956675268,0.08187122772309907,-1.5232608257074811,-0.1333152009956565,1
487.0,-1.399943526116446,-0.30450965846582156,-1.4632943167899988,-0.22647976059341302,1
488.0,-1.3778998636833706,-0.31121169007442484,-1.4033364783685829,-0.25957167282050814,1
489.0,-1.1168704196267085,-0.7355091174767479,-1.2933883062187772,-0.27259162847996216,1
490.0,-1.4192882452914592,-0.8742267090381066,-1.3834507951495063,-0.20554032557039192,0
491.0,-0.8890436340299974,-0.7238208637828192,-1.3735249389035973,-0.15841846921621353,1
492.0,-0.7313290274826849,-0.6804701342164639,-1.2136117300584024,-0.11122677159712709,1
493.0,-0.752432009315342,-0.6401728468577131,-1.203712159926545,-0.16396595187690124,1
494.0,-0.9594846391001144,-0.5988493267211608,-1.043827218456788,-0.1766367361314568,1
495.0,-0.5601791196068611,-0.9524461143822807,-1.0339578941350427,-0.189239857276262,1
496.0,-0.9624611329528135,-1.0970395133546686,-1.024105173885516,-0.24177605499303761,1
497.0,-0.3742130713306959,-0.9289358226166662,-1.064270042972022,-0.3142460756557921,1
498.0,0.19706020909372857,-1.0447656938042746,-0.8544534848994558,-0.3066506722561835,2
499.0,0.34453058311402873,-0.9415702026748397,-0.8946564813154454,-0.33899060432822375,2
500.0,0.662318872287684,-0.8168764361088419,-0.8348800119121845,-0.3512666378723216,2
501.0,0.9457292292277979,-1.0687606637468783,-0.8751250543284662,-0.323479545278686,2
502.0,0.9914363462197612,-0.9958974805151602,-0.6653925840519193,-0.39563010525008635,3
503.0,0.9976180247462524,-1.2975936646723454,-0.7556835743214623,-0.40771910272398576,2
504.0,0.9640278207918351,-1.473805886459272,-0.8459989960299769,-0.4997473287940438,2
505.0,0.8920048697881602,-1.4251418149764183,-0.7863398176272216,-0.49171558063101006,2
506.0,0.784420499510169,-1.3528445950134547,-0.8767070050229867,-0.4636246614030073,2
507.0,0.04556375929873646,-1.458761090377027,-0.867101521490507,-0.515475380195217,1
508.0,-0.5190295708016905,-1.345294704954628,-1.1075243275701303,-0.6072685519289687,0
509.0,-0.5027976741242963,-1.315343986721042,-1.1479763809732677,-0.5590049972802495,1
510.0,-0.8984142963033787,-1.4722285830745183,-1.0884586364866213,-0.6506855425976376,0
511.0,-0.8980808199166335,-1.4196044390058016,-1.0789720458767103,-0.6823110198196697,0
512.0,-0.49383717075173716,-1.461370404399334,-1.119517557794689,-0.6938822663916443,0
513.0,-0.0778791608457815,-1.201568636223835,-0.9600961176814873,-0.6054001251818799,1
514.0,-0.642869616831801,-0.9442813398812628,-1.150708667673265,-0.5968654443974295,1
515.0,-0.582230889887116,-0.7935264875011994,-1.0913561465071997,-0.5682790774992583,1
516.0,-1.0904070858349586,-0.553155177102071,-1.1820394894276154,-0.4796418831169024,1
517.0,-1.563085561112604,-0.42675325462370317,-1.2727596280924556,-0.43095472496260173,0
518.0,-1.7973688542609243,-0.3175497119392803,-1.2135174904801205,-0.4222184717449323,0
519.0,-1.3918901985692829,-0.12833420085896696,-1.3043140007966691,-0.413433997081935,1
520.0,-1.3468680107512125,0.23861422973416635,-1.3951500793834017,-0.4846021794137574,1
521.0,-0.6640971833592841,0.5815853531753031,-1.1860266426248218,-0.5157239019148055,2
522.0,-0.7468775280831652,0.5994814534989544,-1.226944602857003,-0.48680005240543084,2
523.0,-0.5998822226707023,0.4918453670688878,-1.3679048682763528,-0.4578315232631469,2
524.0,-0.62897150607818,0.2588721610212855,-1.2089083428487977,-0.5288192113333958,2
525.0,-0.8409590492362014,0.3014041501902339,-1.0999559262193825,-0.5597640178398597,2
526.0,-1.0433403154914132,0.1209093798103561,-0.9910485136223097,-0.5906668482943417,1
527.0,-0.6439937401362569,-0.08055587633474581,-0.8321869957914156,-0.5415286124062146,2
528.0,-0.8508666420556463,-0.2003996443171321,-0.6733722588711005,-0.552350223991454,2
529.0,-0.27165838920225593,-0.3355604631615389,-0.5646051843277098,-0.5431326008812514,2
530.0,0.0864865509069841,-0.7825855911923307,-0.4558866488613918,-0.5538766648302369,2
531.0,0.6172634385651576,-1.0377192078155226,-0.5472175243184273,-0.5245833414243013,2
532.0,0.5154586119516545,-0.9969983575830031,-0.5385986776040477,-0.5752535599880426,2
533.0,1.177157339376344,-0.8563541856064836,-0.7800309705957413,-0.6258882534918289,3
534.0,0.7998998872783967,-0.8117158782183919,-0.7715152600570692,-0.6764883584585051,2
535.0,0.9827795820412206,-0.7591146536707107,-0.7130523975519882,-0.7270548148697407,2
536.0,0.526478956208372,-0.8947851463841505,-0.7046432293596979,-0.6775885660720349,2
537.0,1.033242538064908,-0.9152615948432887,-0.6462885963900094,-0.5680905586823781,3
538.0,0.9067873693776765,-1.1174663759759669,-0.7879893340992569,-0.49856174249359436,2
539.0,0.5521548186698774,-1.3987886243680574,-0.779746272406754,-0.4890030703793619,2
540.0,-0.22449040223298794,-1.4571509279516266,-0.7715602356117998,-0.4794154981989258,1
541.0,-0.6161060058097764,-1.591062396396227,-0.9134320423112536,-0.4697999847015161,0
542.0,-1.015052882623873,-1.699656746548346,-0.9053625053176714,-0.520157491430469,0
543.0,-1.4133996485098734,-1.782714432009857,-0.7473524315780277,-0.5104889826270758,0
544.0,-1.0032388438313182,-1.8406682515458768,-0.6394026220930209,-0.4807954251341592,0
545.0,-0.577002178942952,-1.9745922930528204,-0.681513871836976,-0.47107778829939223,0
546.0,-0.12776225801581165,-1.7861744955177161,-0.7736869696783442,-0.42133704387835946,1
547.0,-0.6495087524481897,-1.5776735298854985,-0.8159226983008185,-0.4115741659373859,1
548.0,-0.937388013700347,-1.5518611003311376,-0.9082218341250663,-0.3417901307561289,0
549.0,-1.387896572945205,-1.211951139875699,-0.9505851472310887,-0.311985916729955,0
550.0,-1.7990208133146481,-0.8615177090748213,-1.143013401281211,-0.24216250427209596,0
551.0,-1.7703172464497179,-0.804403695093408,-1.0355073534437178,-0.17232087571561117,0
552.0,-1.1029301929819744,-0.5446226434880497,-0.9280677543171378,-0.06246201521515421,1
553.0,-0.799546162081032,-0.5862562304469735,-0.8706953478551851,0.007413091351438805,2
554.0,-0.4642867488117363,-0.2333499946033491,-0.6633908712923615,0.09730345648174138,2
555.0,-0.3025443191453852,0.11019000800176304,-0.7061550550702363,0.06720809114748238,3
556.0,-0.1207670333450015,0.14069698581330037,-0.5989886227644012,0.07712600489344995,3
557.0,0.07379822183593948,0.1548370815410598,-0.5418922910121162,0.16705620593653261,3
558.0,0.27339474365954103,0.5496945369886344,-0.5348667694406422,0.21699770126490214,3
559.0,0.4700652486639435,0.4228461773597426,-0.32791276059628166,0.20694949673731017,3
560.0,0.6559691044442761,0.3724233123082513,-0.42103095987412353,0.29691059718250357,3
561.0,0.8236949109241445,0.5971594724426605,-0.21422205544850642,0.2868800064987369,3
562.0,0.9665559694885717,0.3964227618354321,-0.20748672820419817,0.25685672775338725,3
563.0,1.278856860556734,0.37023200007820645,-0.3508256516683106,0.24683976328264295,3
564.0,1.3561205019876987,0.31925624152718657,-0.5442394919429463,0.29682811479127047,3
565.0,1.7952666362171312,-0.055202315980265926,-0.5877289076385888,0.32682078345244314,3
566.0,1.39473463040608,0.14875840366646675,-0.48129454980824415,0.2568167700076206,3
567.0,1.3545456939473857,0.23359176549290084,-0.624937061882333,0.16681507486647784,3
568.0,1.0763020329141342,0.0022397511669814962,-0.4686570796043501,0.17681469820686113,3
569.0,0.9631229751595702,-0.14194219519725354,-0.6624552309672891,0.18681464007477017,3
570.0,0.41952061255920986,-0.19527088331325707,-0.6063321361508469,0.2368139004843497,3
571.0,0.4512199181464491,-0.25382946541365625,-0.7002884074594018,0.30681147951789234,3
572.0,-0.3350694904960194,-0.2135674938233898,-0.7943246492607868,0.23680637742582605,3
573.0,-0.9319208425158438,-0.07040439140044435,-0.8384414579258513,0.16679759472668987,2
574.0,-1.5314862957083568,-0.32033369164679715,-0.8826394217688271,0.19678413230707803,1
575.0,-1.3258098052199643,-0.4595253856309882,-0.9769191209884946,0.24676499152155545,1
576.0,-1.5071443059497605,-0.6844237612255646,-0.8712811276101646,0.3167391742925181,1
577.0,-1.0682605635877422,-1.091838235313907,-0.7657260054284766,0.26670568321000127,1
578.0,-0.8027353813736344,-1.3790248586182234,-0.7102543099510201,0.29666352163141724,1
579.0,-0.3052076726821408,-1.3437564110727207,-0.7048665883427827,0.4066116937812227,2
580.0,-0.3715921906288022,-1.2843792971250845,-0.6495633793714356,0.4365492048504928,2
581.0,-0.19924239397155497,-1.3998557875512931,-0.6443452133534561,0.4664750610964027,2
582.0,-0.7870559563583799,-1.4897905286982365,-0.7392126121010983,0.4363882699415977,1
583.0,-0.9355187126003867,-1.6544406419640787,-0.6841660888702101,0.546287840073455,1
584.0,-1.446685289971029,-1.5947091555207384,-0.7292061483089088,0.556172781543211,1
585.0,-1.3240971967004738,-1.212121936067994,-0.6743332864071174,0.5860421058649573,1
586.0,-1.1726416332183018,-1.1087887099075893,-0.8695479904469656,0.5758948261144841,1
587.0,-0.398356654894887,-0.6873491690707758,-0.7148507389540617,0.5457299570279779,2
588.0,0.1918095461720697,-0.25090553924175923,-0.8602420016496404,0.5555465151005433,3
589.0,0.3902756436501778,0.09705666794144707,-0.6557222394035916,0.5053435186845536,3
590.0,0.5891294205289584,-0.04724230620807843,-0.7012919041883731,0.5151199880878155,3
591.0,0.7804432042436629,0.11222008814701226,-0.7969514390338152,0.5448749456715338,3
592.0,0.9565899179631276,0.1713703150560497,-0.8927012779828161,0.61460741594808,3
593.0,1.1105471480744562,0.5261428130210064,-0.8885418460479387,0.6843164256785368,3
594.0,1.4361771056532442,0.6725838515263896,-1.0844735591689103,0.7140010039700231,3
595.0,1.3284713207390764,0.7069525307981571,-1.1304968241710294,0.6836601823727785,3
596.0,0.7837503142277313,0.7258163447092634,-1.1766120387244812,0.6132929949770124,3
597.0,0.19981028709175996,0.8261388656357512,-1.272819591304573,0.7028984785094922,3
598.0,0.17601097889324868,0.805357311315953,-1.3691198611528863,0.6924756724298697,3
599.0,0.513301192947012,0.5614480122336619,-1.6155132182393541,0.7620236190267323,3
600.0,0.4141809705265618,0.7929781071327171,-1.712000023225261,0.7715413635133779,3
601.0,0.28260192210783763,0.8991421460785485,-1.9585806274271818,0.721027954123289,3
602.0,0.3238096891296018,0.9797826660257194,-1.905255372781846,0.690482442205311,3
603.0,-0.05586518317717115,0.9353942132796536,-1.8520245918119476,0.6199038823185128,3
604.0,-0.4492596246504574,0.7671107100969901,-1.6488886075928912,0.5892913323267349,3
605.0,-0.6486636092001539,0.4766764881502719,-1.7958477337204852,0.6586438534927996,2
606.0,-0.4461275292179534,0.46640172881963066,-1.7929022742795828,0.6879605105723847,3
607.0,-0.23377912134616535,0.2391034486085883,-1.7400525238136737,0.6972403719075444,3
608.0,-0.4041373087754801,0.1980335372369469,-1.6872987672954298,0.7064825095198795,2
609.0,-0.5504104481694385,0.2467956867090573,-1.8346412800982081,0.7556859992033299,2
610.0,-1.0667670910519802,0.1892533334402491,-1.6320803279685134,0.7448499206165983,2
611.0,-1.148568465256014,0.02943096509982883,-1.479616166999425,0.7139733573751781,2
612.0,-1.7925534081311794,-0.32858868667012076,-1.427249043604986,0.743055397142997,1
613.0,-1.9969683788075572,-0.7807689414033205,-1.1749791944955637,0.7120951317236464,1
614.0,-2.1616373663365263,-0.8232222885607186,-0.9728068466541769,0.6610916571512023,1
615.0,-1.4879689066918553,-0.65230969567142,-0.9207322173138001,0.6300440737806177,1
616.0,-1.3788999288852999,-0.8647335689938379,-0.8687555139356379,0.7189514863776902,1
617.0,-1.2387786688749487,-0.8576219919764494,-0.8668769341883812,0.7678130042085836,2
618.0,-0.8731913191192083,-1.0286020896103707,-0.8650966659284391,0.7766277411288987,2
619.0,-0.28873932471174163,-1.0758606445495082,-0.7134148871811541,0.7053948156722902,2
620.0,-0.2927762045976609,-1.3981904165332235,-0.46183176612299964,0.7741133511386082,2
621.0,-0.29311438997850137,-1.6950209818618527,-0.360347461064762,0.782782475681572,2
622.0,0.5022862326661481,-1.4664333051172291,-0.40896212043571023,0.7914013223959515,3
623.0,0.28563565713376726,-1.4131576708873634,-0.5076758827687525,0.8399690294042588,3
624.0,-0.15037567953660091,-1.5365550283302687,-0.6564888766865842,0.8884847399429306,2
625.0,-0.41228548785576546,-1.5385822251380614,-0.5554012208888239,0.7969476024480111,2
626.0,-0.10559898799722311,-1.3217420190148799,-0.5044130241401452,0.7653567706403013,3
627.0,-0.6345694340416259,-1.2890191436470015,-0.5535243852593994,0.7737114036099906,2
628.0,-0.2020285501584641,-1.1438040623877415,-0.5527353931097342,0.722010665900743,3
629.0,0.19072636130053733,-0.9898063574021079,-0.45204612658970683,0.690253727593246,3
630.0,0.7439841391523141,-0.8309599667832714,-0.40145665462539504,0.6384397643881994,3
631.0,0.6596082482902974,-0.5713226903995752,-0.500967036163504,0.6465679576887464,3
632.0,0.7409624892196374,-0.3149725316389192,-0.600577320165472,0.6546374946823286,3
633.0,0.7927768939461375,-0.06590352304533986,-0.700287545602574,0.6226475684219723,3
634.0,0.420959154526665,0.37207630297267885,-0.9000977414520248,0.5905973779069784,3
635.0,-0.36764089797034205,0.3954421919799304,-0.8500079266940812,0.5384861281630241,3
636.0,-0.5655043746137367,0.501042708893586,-0.8500181103101444,0.46631303032165594,3
637.0,-0.5647430829840409,0.4861802427578066,-0.850128291281861,0.45407730169918137,3
638.0,-1.1574140045126324,0.4486799183843011,-0.9003384585912259,0.46177816587493303,3
639.0,-1.135835957566418,0.38694515448128675,-0.950648591221683,0.5494148527689112,3
640.0,-0.892895821920165,0.5999984490142939,-1.051058658160228,0.5769865987187891,3
641.0,-0.8223321164131824,0.5875063499191578,-0.9515686184005085,0.584492646556282,3
642.0,-0.7189846244438445,0.5497879732794501,-0.9521784209469256,0.5119322456828616,3
643.0,-0.7790001155216164,0.5878068513678714,-0.752888004819733,0.4393046521448143,3
644.0,-1.1999859614070618,0.40314631879688767,-0.8036972990611344,0.3866091287076385,2
645.0,-1.5811055226493882,0.4979690655501094,-0.8046062227423801,0.39384494492976363,2
646.0,-1.723111502761189,0.3749618901296318,-0.8056146849718596,0.46101137723559815,2
647.0,-1.6283159403047103,0.43726706412427563,-0.7067225849041902,0.38810770898788316,2
648.0,-1.70049803521039,0.4884020615204443,-0.5579298117503021,0.3951332305593579,2
649.0,-1.54475348400159,0.23216970330525483,-0.4592362447885165,0.3420872394037183,2
650.0,-0.7672913304546966,0.1725610127567745,-0.6606417533766182,0.3089690401258759,3
651.0,-0.5751864306173657,0.2136532630253292,-0.6621461969649199,0.27577794455149296,3
652.0,-0.5760974006240982,-0.14049417857562163,-0.5137494251103163,0.3025132717958019,3
653.0,-0.37796129183893357,-0.4859435488661687,-0.5154512774913292,0.34917434833168925,3
654.0,0.21132283433553806,-0.5189792806664968,-0.3172515839241378,0.3357605080570537,3
655.0,-0.21579118289071075,-0.7362029185702026,-0.2691501643796005,0.3022710923614107,3
656.0,0.1338042379224459,-0.9346199339600498,-0.42114682900125266,0.28870545019175586,3
657.0,-0.14585480057720546,-1.0117162215388391,-0.37324137812429636,0.19506293811766695,2
658.0,0.5404340872332042,-1.26552232323851,-0.12543360229556502,0.24134292039564986,3
659.0,0.5892308356970101,-0.9946637388797183,-0.027723282294467966,0.22754476903271037,3
660.0,0.5985900724399912,-1.1983960383744268,0.019889810845085856,0.17366786384915311,3
661.0,0.5681386742279867,-1.3766238785150282,-0.032594084188205086,0.23971159254059815,3
662.0,1.099090642212774,-1.3299034385578938,-0.13517471900690917,0.2656753507392131,3
663.0,0.3941987035371325,-1.2594282123833003,-0.08785183554969318,0.2515585420741482,3
664.0,0.2576445687903848,-1.3669985201771717,0.05937483389286416,0.35736057823117284,3
665.0,0.2948722204034305,-1.3549755184719783,0.056505566651509104,0.4630808790115054,3
666.0,-0.2876291217514359,-1.0262208833800965,0.25354064965057427,0.3887188723898354,3
667.0,-0.8825837050787377,-0.8840237078377331,0.20048037937928886,0.374273994571523,2
668.0,-1.0822193055560045,-0.5320164803008653,0.14732506186212996,0.41974569004897944,3
669.0,-1.6785770817788035,-0.3740822912538488,-0.055924987371780976,0.46513341165721733,2
670.0,-1.4638288688518717,-0.01425563798070685,-0.05926944332022688,0.41043662062856434,3
671.0,-1.8305892626204765,0.04338063841601503,-0.012707971540402416,0.43565478664654333,2
672.0,-1.972210052427871,0.09479965096004367,-0.11624022818234865,0.5007873878989012,2
673.0,-1.6830452642947054,0.5361333353738567,-0.1698658600233474,0.54583391112979,3
674.0,-1.1586762480845945,0.8637712614564368,-0.22358450450323383,0.5707938516910911,3
675.0,-1.196087835141185,0.9744528630870462,-0.42739578976065973,0.6556667135928822,3
676.0,-0.9937885435476309,0.8653507307993659,-0.3312993346702753,0.680452009553034,3
677.0,-0.7518700388039337,0.6341428391813029,-0.4352947488808424,0.7051492610459383,3
678.0,-1.0720034794127358,0.5790718640201334,-0.5893816328542704,0.8097579983503597,3
679.0,-1.5573728930634427,0.49899007391091355,-0.5435595779055653,0.8342777605964082,3
680.0,-1.8125482394960994,0.2933886495524435,-0.5978281662437066,0.8387080958116264,2
681.0,-1.6433032206277738,0.5624106817567666,-0.5521869710134155,0.8630485609661847,3
682.0,-1.2563851012772511,0.5068475161323948,-0.456635556337848,0.887298722017184,3
683.0,-1.0592457170087788,0.2281185378178726,-0.561173477362179,0.8714581539520614,3
684.0,-0.6597443929638098,-0.07176508732652453,-0.6158002802980873,0.9355264408310893,3
685.0,-0.26583461736923925,-0.09025178882203844,-0.520515502469136,1.0395031758289708,3
686.0,0.31475303893971324,-0.3243147725447313,-0.5753186723570347,1.143387961275519,3
687.0,0.07481911598326307,-0.4705293414927967,-0.580209309648801,1.187180408695427,3
688.0,0.4079822843874269,-0.7251603811551779,-0.6351869252847773,1.1708801388471133,3
689.0,0.7089337488486211,-0.8842577746300097,-0.6402510215075518,1.1744867817606461,3
690.0,0.9736488930495181,-1.1437573100722034,-0.5454010919117195,1.1779999767747389,3
691.0,0.5995477284112924,-1.5995845027459283,-0.5506366214945327,1.101419372572818,3
692.0,0.3855977500965645,-1.6477586795023986,-0.40595708670739594,1.1047446272181538,3
693.0,0.7323550997190464,-1.8844946668000944,-0.36136195550822175,1.1479754081880522,3
694.0,0.6419423937323752,-2.006299484602811,-0.31685068741463496,1.1111113924071088,3
695.0,0.5179641014104721,-2.010061576067972,-0.07242273355801596,1.0741522662795147,3
696.0,0.16536284603205154,-1.893130293614315,-0.22807753673839776,1.037097725720417,3
697.0,0.3902223580879855,-1.6533836108627018,-0.18381453148017057,1.0599474761863261,3
698.0,-0.4004750638551867,-1.58928233071935,-0.23963314408864517,1.06270123270457,3
699.0,-0.39912691536513434,-1.5999094048324398,-0.4455327927074064,1.0653587199017918,2
700.0,-1.1978135740042681,-1.2849933599895902,-0.5015128873765098,1.0879196720314863,2
701.0,-1.3886140296847094,-1.0449152330186695,-0.5575728300914716,1.0903838330005748,2
702.0,-1.7639216703440814,-0.9806988370369413,-0.6637120148630706,1.012750956395014,1
703.0,-1.9167475335645745,-0.7939846077014432,-0.6199298277779468,1.0350208055044363,2
704.0,-2.440998934449503,-0.6869876975693769,-0.7262256470599865,1.057193153345823,1
705.0,-1.9317223617435202,-0.7624413890663431,-0.7325988431325127,1.0392677826862,1
706.0,-1.985300958694768,-0.8235272716025706,-0.9390487786812256,1.0612444860643622,1
707.0,-1.9995987157198258,-0.7737939664930633,-1.0955748087179464,1.1431230658116187,1
708.0,-1.3740456263652963,-0.7170664758885983,-1.1521762806451101,1.1649033340715607,2
709.0,-1.3096604116662958,-0.5573484714386554,-1.1588525343210248,1.1665851128188456,2
710.0,-1.6090099069535975,-0.5987200187645194,-1.2656029021258877,1.1681682338770003,2
711.0,-1.276106730229034,-0.545233350415357,-1.3724267090285402,1.1296525389352379,2
712.0,-0.9162493117484245,-0.4008093498320402,-1.4793232726539831,1.0910378795642899,2
713.0,-1.3358106623273174,-0.26913739068098663,-1.5862919033515963,1.1123241172312475,2
714.0,-1.1419843015110185,0.046418909794588625,-1.693331904264122,1.0135111233134158,2
715.0,-1.1424974746508758,0.04290761583439395,-1.700442571397332,0.9545987791111761,2
716.0,-1.145303092016663,0.3178638816390431,-1.5076231936904394,0.9755869758598548,2
717.0,-1.1582626713612019,0.16937291692384793,-1.3648730530871993,0.9764756147406004,2
718.0,-0.9888329240158176,0.3961189010662335,-1.1721914246077132,0.977264606890266,3
719.0,-0.6437684793406651,0.4974185963136173,-1.129577576420929,0.9979538734102933,3
720.0,-0.12885259896765655,0.3732388013878134,-1.1370307699178168,0.9985433453746051,3
721.0,0.5513333835907991,0.22419719962606843,-1.2945502597852427,0.9990329638364959,3
722.0,0.39359270625157416,0.35154657999259864,-1.3021352940804811,0.9794226798345278,3
723.0,0.9962406231772022,0.35714283404172165,-1.2597851143064287,0.9997124543974261,3
724.0,0.9591715702758352,0.04339754636407367,-1.2674989554874339,0.9599022585479751,3
725.0,0.4838633737085002,-0.08678361038662408,-1.2252760462458077,0.8999920733059189,3
726.0,-0.2266816663764406,-0.23007510216035232,-1.1331156088789553,0.9399818896898555,3
727.0,0.03194353192418331,-0.08281648571890596,-1.1910168594371466,0.939871708718139,3
728.0,-0.7346248641798727,-0.5411059162442419,-1.148979007801911,0.8796615414087742,2
729.0,-1.1197462983729385,-1.0008998216549065,-1.1570012577650435,0.8793514087783169,1
730.0,-1.1160405632581516,-0.8581161974066756,-1.2150828071082382,0.9189413418397719,2
731.0,-1.1156820259369662,-1.0087388830671853,-1.1232228476832915,0.8984313815994914,2
732.0,-1.110711611297389,-1.2489201568741222,-0.9814205654929304,0.8978215790530745,1
733.0,-1.2933541052225754,-1.27507902745474,-0.8396751407722053,0.9371119951802669,1
734.0,-1.2563281278414693,-1.2839927118018857,-0.6979857480704672,0.8963027009388657,2
735.0,-1.3931364191664783,-1.1728789626622005,-0.9563515563339131,0.81539377725762,1
736.0,-1.298324864346041,-1.3394671422475852,-0.9647717289886839,0.7543853150281403,1
737.0,-1.7676999320121523,-1.482056226661295,-0.9732454240245366,0.7132774150958097,1
738.0,-1.1984958571426678,-1.2995582592903145,-1.2317717940790232,0.732070188249698,1
739.0,-1.3894849033847916,-1.0915261431283996,-1.1903499865222495,0.6907637552114834,1
740.0,-1.3410263090291439,-1.058165062062812,-1.0989791435421155,0.6093582466233819,1
741.0,-1.6550519653127331,-1.0003272393630194,-1.1076584022301108,0.70785380303508,1
742.0,-1.1349893980118266,-0.9194901672680518,-0.9663868946676,0.7662505748896837,2
743.0,-0.9856251228053606,-0.9177188638071352,-0.9751637480126127,0.804548722508671,2
744.0,-0.6129138219995635,-0.9976131210194572,-0.8839880845871304,0.9027484160758618,2
745.0,-0.42374095013558366,-1.0622410921402121,-0.8928590219648441,0.9408498356203996,2
746.0,0.3743517673549321,-1.0150609142968723,-0.801775673059415,0.9988531709987474,3
747.0,0.17346699894330034,-0.8598323688980732,-0.5607371462131578,1.0567586218757037,3
748.0,0.16566664869057002,-0.8005208363885855,-0.6197425452862313,1.074566397704435,3
749.0,0.14328832308241013,-0.6411959988879136,-0.4287909697462279,1.052276717705532,3
750.0,0.2992508064783751,-0.5859278783972841,-0.33788151475824346,1.0098898108450864,3
751.0,-0.1726636331664122,-0.13868286632434845,-0.2970132712753522,1.0874059158117948,3
752.0,0.12243863705400937,-0.10322240029621521,-0.3061853261295124,1.1648252809930908,3
753.0,0.3807661897385406,-0.18300687660567394,-0.5153967621228834,1.1421481644503062,3
754.0,0.5999936894248855,0.21889274711138862,-0.7246466581195372,1.139374833892864,3
755.0,0.5793545963764285,0.3998734008192355,-0.48393408913758895,1.1565055666515092,3
756.0,0.5196717261025812,0.4578663986341376,-0.5932581264416714,1.0735406496505742,3
757.0,0.22332444630099024,0.5913902843015093,-0.7526178376358258,0.9904803793792889,3
758.0,-0.30584618102408423,0.5995886756378026,-0.7120122867567324,0.8873250618621298,3
759.0,-0.8626905305827021,0.6822521411843889,-0.6214405343673077,0.8240750126282196,3
760.0,-1.0409557131088838,0.6398235502249077,-0.7309016376506496,0.8407305566797726,3
761.0,-1.233534858323674,0.2733867594975602,-0.6903946505043085,0.8972920284595975,3
762.0,-1.6327504434259406,0.28463892560512993,-0.7499186236349167,0.8937597718176507,2
763.0,-2.0306603716988154,0.375847150414287,-0.7594726046530911,0.8701341399766527,2
764.0,-2.2193745988429803,0.04979056695616946,-0.7690556381686983,0.9264154954967663,2
765.0,-1.9913696841443247,0.10968934526909385,-0.8786667658863673,0.9626042102393404,2
766.0,-2.1397887263138102,-0.04087756824027544,-0.8383050267013373,0.9387006653297247,2
767.0,-1.8587147265034698,-0.4980638765334152,-0.897969456795559,0.9747052511191576,2
768.0,-1.3434064803784698,-0.5578541872642065,-1.0076590897340763,0.9706183671457305,2
769.0,-1.3904875949720743,-0.9161665877160935,-1.2673729565616716,0.886440422094434,1
770.0,-1.7980810948185004,-1.168956919030856,-1.3771100858997523,0.9421718337562934,1
771.0,-1.5658842510415374,-1.1123220859988527,-1.4368695040435056,0.8978130289865844,1
772.0,-1.2951806501995669,-1.4425997633171084,-1.4466502350592427,0.8733644436621519,1
773.0,-1.788789021740023,-1.5564619512758966,-1.20645130088202,0.808826522637821,0
774.0,-1.0509508641514196,-1.45099999095314,-1.016271721413417,0.8041997197019127,1
775.0,-1.0871613498033414,-1.5237988671668075,-1.2761105146195664,0.8394844975308648,1
776.0,-0.7039502497651173,-1.3729989010839991,-1.2859666966293466,0.7946813276429653,1
777.0,-1.1086216124392632,-1.297343256522448,-1.2458392818327697,0.8097906903511989,1
778.0,-0.5089625742007475,-1.3962100463753138,-1.3057272829795445,0.8448130747152218,2
779.0,-0.712932910843666,-1.3696282189867697,-1.365629711277791,0.7597489784924482,1
780.0,-0.3283477064386614,-1.1182768186539993,-1.2255455764929382,0.6945989080882805,2
781.0,-0.16256579059304233,-1.2434676391464259,-1.0854738870467229,0.6293633785054673,2
782.0,-0.022196365136532004,-0.8471117133655663,-1.1454136501163648,0.6240429132926042,2
783.0,-0.11283551610070552,-0.9316704951815713,-1.15536387173384,0.5786380444917782,2
784.0,-0.2388431154285362,-0.8000929805277137,-1.2653235568852785,0.5531493125853659,2
785.0,-0.2031690066382824,-0.7557403740216062,-1.275291709610467,0.5875772664419829,2
786.0,-0.4072354038712548,-0.5023002255370583,-1.4352673331024342,0.6019224632616023,2
787.0,-0.45088019270203195,-0.3436922301448476,-1.4952494298071508,0.6561854685198284,2
788.0,-0.13236339312903866,-0.08396809780398291,-1.305237001523258,0.5503668559113548,3
789.0,-0.24843652708633546,0.27279194932462225,-1.215229049501914,0.5644672072925936,3
790.0,-0.3944721250130101,0.2225834079209461,-1.0752245745466422,0.5384871126234902,3
791.0,-0.5646482084617308,0.5615797902781983,-1.0352225771132697,0.5124271699085283,3
792.0,-0.5521803940070351,0.6862303735890545,-1.1952220574098715,0.4662879851369294,3
793.0,-0.9495923652033164,0.7933509046981388,-1.4552220154967506,0.42007017222205334,2
794.0,-0.5490139297284236,0.680204943228415,-1.7152214513864334,0.4137743529400123,3
795.0,-0.9424947791159071,0.7445737651362343,-1.5252193651436587,0.3674011568674874,2
796.0,-0.92232144246484,0.6848130409782502,-1.5352147569853891,0.38095122131877435,2
797.0,-1.0813247981833023,0.7998948410194626,-1.445206627380763,0.39442519128205344,2
798.0,-1.213165884242947,0.7894338941436458,-1.4551939771510747,0.32782371935488974,2
799.0,-1.9125886125911449,0.6536974297709366,-1.415175807569664,0.36114746567897515,2
800.0,-1.3756293127952373,0.793598351366514,-1.6251511204618094,0.4543970978741134,2
801.0,-1.1997747510745211,0.8106719159260696,-1.7851189183045342,0.4475732909714598,2
802.0,-0.7840623250001313,0.40703651517071365,-1.595078204326361,0.42067672734601813,2
803.0,-1.1291184394162217,0.4853395603126306,-1.7550279826069866,0.47370809664840374,2
804.0,-0.4371335336555805,0.448689852788706,-1.7649672581768763,0.42666809573587794,2
805.0,-0.7117747556357235,0.10057816858100138,-1.8248950371167523,0.39955742860266796,2
806.0,-0.7580397642437784,-0.15521191516821917,-1.9348103266569956,0.47237680630956036,1
807.0,-0.7820574884477651,-0.3147006732737237,-1.9447121352769146,0.5651269469128005,1
808.0,-0.5908437862394371,-0.47381389631140264,-2.004599472803899,0.5978085753922867,1
809.0,-0.7920217445161634,-0.8284869680631544,-1.8644713505124353,0.6104224235790721,1
810.0,-0.7935177706621889,-1.2747686978991664,-1.9243267812229796,0.6429692300821834,1
811.0,-0.6032455916995318,-1.7089222556544015,-1.9341647794006733,0.6554497402147588,0
812.0,-0.22879075896490397,-1.527520630574161,-1.943984361253899,0.6678647059195175,1
813.0,0.5228917638846731,-1.7275341757884812,-1.7537845448326506,0.7202148856935713,2
814.0,0.8457548733250247,-1.7064080019541414,-1.5635643501267387,0.6925010445125663,2
815.0,1.3349004048997504,-1.562127243009754,-1.623322799163784,0.7047239537541925,3
816.0,1.386774407579963,-1.4932685268022614,-1.6830589161070144,0.6968843911210447,3
817.0,0.9993088285766699,-1.5990363357452626,-1.9427717273528493,0.6689831405628537,2
818.0,0.9720039600793885,-1.4792833286604126,-1.702460261628258,0.7010209921980904,2
819.0,0.7059483610296178,-1.234514104671659,-1.7121235500878869,0.7729987422349565,2
820.0,0.803775459710974,-1.0658723130020047,-1.6717606264109426,0.6649171928917632,2
821.0,0.2695585672737749,-0.8751114379586035,-1.731370526897825,0.6767771523167084,2
822.0,0.30864848767363257,-0.9645500054165059,-1.8909522905664908,0.6485794345070697,2
823.0,-0.47253980199695944,-0.7370123550705883,-1.8505049592485594,0.6003248592277948,1
824.0,-0.2667828964014959,-0.8957564914544633,-1.8100275776851231,0.5920142519295328,1
825.0,-0.6663369363356237,-0.7443908568031308,-1.9195191936222735,0.6236484436660885,1
826.0,-0.463246331956386,-0.48678215183273044,-1.8789788579063271,0.6352282710113161,2
827.0,-0.4496609270438585,-0.4269565591955045,-1.9884056245787383,0.5467545759754648,2
828.0,-0.01814895995722765,-0.46899689289960844,-1.9977985509706948,0.49822820592097683,2
829.0,-0.16199334451892455,-0.316938301056372,-2.0071566977973876,0.5496500134777502,2
830.0,-0.475459459043705,-0.27466518627367853,-1.8664791292519283,0.5410208564578847,2
831.0,-0.954023767608505,0.05418802309172743,-2.0257649130989424,0.5523415977698891,2
832.0,-0.9945541591548367,0.2663297159811151,-1.9350131207677828,0.5636131053324,2
833.0,-1.3954348148728055,0.4588951842643775,-1.8942228274453894,0.5548362519873873,2
834.0,-1.3566306257980056,0.5295198029503457,-1.9033931121687695,0.5860119154128712,2
835.0,-1.4796885924951524,0.6763994355566594,-1.9125230579170927,0.5571409780351558,2
836.0,-0.967676151027385,0.6983365215578479,-1.9716117517033922,0.5482243269405865,2
837.0,-1.4250588839603557,0.9947706685877933,-1.730658284665865,0.4592628537868406,2
838.0,-1.4575224916771754,0.8657929679055181,-1.83966175215875,0.45025745471376877,2
839.0,-1.4717461214465632,0.8121436674295052,-2.098621253842803,0.38120903025377206,1
840.0,-0.6751360908983532,0.7351932617839064,-2.0575358937753214,0.43211848524175656,2
841.0,-0.27553062151164387,0.43690748241960514,-1.9664047804997409,0.4029867287246478,2
842.0,0.31911264654054444,0.21979708215265303,-1.9252270271347798,0.3538146738704876,3
843.0,1.101033900393376,0.08685369689580352,-1.9340017514631265,0.36460323787711824,3
844.0,0.8629805137414022,0.1414734230229976,-1.9927280760196602,0.33535334188046273,3
845.0,0.9984961861625554,-0.012629937383862866,-1.8514051281791977,0.3660659108624127,3
846.0,0.5021783354418512,-0.27151974721812544,-1.7100320402437543,0.35674187355832854,3
847.0,0.16989348147543726,-0.4311370974487068,-1.7186079495293107,0.30738216236417415,2
848.0,-0.40105796492152646,-0.4874044937099781,-1.6271319984520862,0.3579877132432676,2
849.0,0.18816592208681027,-0.5363300176617919,-1.8356033346142915,0.40855946563269224,2
850.0,-0.26200524788055846,-0.3741093022730026,-1.99402111088937,0.3390983623493522,2
851.0,0.050428691398668346,-0.5972227160255147,-1.952384485506709,0.2896053494956915,2
852.0,-0.07104127756523115,-0.5025252734262882,-1.960692622135816,0.22008137636508496,2
853.0,-0.021572530430353454,-0.8873269750243198,-2.168944689969952,0.17052739534690897,1
854.0,-0.7951638611737619,-0.9494615246120657,-2.177139863809211,0.24094436183130175,0
855.0,-0.584894731237859,-1.2873416682005692,-2.3352773241430365,0.29133323411363277,0
856.0,-0.983201169563601,-1.4999997411103505,-2.093356257232177,0.2016949732986626,0
857.0,-0.5821773242470397,-1.7871123873848354,-2.201375855190056,0.13203054320444108,0
858.0,-0.373890643906567,-1.6490088200583712,-2.309335316063561,0.10234091026592373,0
859.0,-0.35069812347366885,-1.5866624112666357,-2.0672338439132374,0.15262704343833,0
860.0,-0.9055510066863,-1.7016658270337173,-2.125070648892882,0.12288991410024763,0
861.0,-1.2322757977573198,-1.3961903419285089,-2.232844947328528,0.053130495956496215,0
862.0,-1.9258203791698953,-1.3729303729151217,-2.3405559617968117,0.08334976494075563,0
863.0,-2.58245542366013,-1.1350346493042727,-2.398202921202709,-0.006451300882019839,0
864.0,-2.5999230707264,-0.9860257770987304,-2.3557850608566535,-0.01627172141341693,0
865.0,-2.7775269404025313,-0.5297102524968922,-2.413301622550998,-0.04611051461956639,0
866.0,-2.71615989572945,-0.3700812232982167,-2.4707518546358367,0.044033303370653476,0
867.0,-2.2182684471233802,-0.11121648221266064,-2.4281350120941703,0.05416071816723034,0
868.0,-1.8877552177258896,0.1428257021207956,-2.4354503566164047,-0.015727282979542734,0
869.0,-1.3298233581347807,0.08811025536477085,-2.2426971566741845,-0.10562971127779097,0
870.0,-1.1507691132091307,0.32092582066231984,-2.1998746875935438,-0.07554557649293825,1
871.0,-0.9577308106557526,0.23787956685569256,-2.106982231627369,-0.10547388704672289,1
872.0,-0.7584042784299132,0.23598385982834025,-2.1640190780271817,-0.09541365011636471,1
873.0,-0.36073603636015533,0.41273258291271486,-2.1209845231142057,-0.10536387173383988,2
874.0,-0.3726064934796466,0.46616515672633807,-2.2278778703497366,-0.13532355688527853,2
875.0,-0.2015157809859004,0.19491662302154522,-2.0846984304047953,-0.18529170961046526,2
876.0,0.14571525432194177,0.2982525131352889,-2.3414455212290606,-0.2752673331024341,2
877.0,0.06321697568051421,0.17608761030934295,-2.3981184681190717,-0.26524942980714894,1
878.0,0.3463049602574072,0.1289881265893127,-2.3547166037857012,-0.235237001523258,2
879.0,-0.008333247693185997,-0.04184276130739606,-2.3612392684208814,-0.3052290495019139,1
880.0,0.5974939203271522,-0.33459564766204375,-2.3176858097635824,-0.2752245745466423,2
881.0,0.36355415351813536,-0.34690111980763927,-2.124055583165043,-0.22522257711326976,2
882.0,0.29120052327932067,-0.27589028580201913,-2.0803479516532315,-0.19522205740987142,2
883.0,0.18331754052322624,-0.4182680615154623,-2.0365622859965424,-0.22522201549675058,1
884.0,0.44420615932792845,-0.7703973449823762,-1.84269796476672,-0.2552214513864317,1
885.0,-0.32058768852967806,-0.8283919277467775,-1.8987543744010005,-0.28521936514365875,1
886.0,-0.10449419237259783,-1.0882157697409949,-1.8047309092634671,-0.2952147569853874,1
887.0,-0.5001815802430949,-0.9457861016778343,-1.8606269717056154,-0.26520662738076484,1
888.0,-1.099848413514089,-1.3970777211607652,-1.8664419721261123,-0.23519397715107454,0
889.0,-1.095534605628138,-1.23822581822322,-2.0721753290297626,-0.24517580756966395,0
890.0,-0.8794387656291728,-1.0656247035735023,-2.2278264690856537,-0.3151511204618093,0
891.0,-1.2442292150011105,-0.9760199174899322,-2.183394827184489,-0.3851189183045343,0
892.0,-1.3833362785537813,-1.1665913664044263,-2.1388798464951,-0.35507820432636095,0
893.0,-1.4912141966411019,-1.4350253634144974,-1.9942809785201252,-0.40502798260698664,0
894.0,-1.563562217097357,-1.17957373241758,-1.8995976831508636,-0.4749672581768746,0
895.0,-1.5974960526543551,-1.2990984660269662,-1.9048294287212837,-0.5048950371167523,0
896.0,-1.3916628683728454,-0.9931007964635316,-1.9099756920611861,-0.6148103266569955,0
897.0,-0.9462952149024558,-0.9617339367947622,-1.7650359585485265,-0.6847121352769145,0
898.0,-0.8632017574211289,-0.7057991670405495,-1.8200097221608729,-0.734599472803899,0
899.0,-0.9456951698621001,-0.8267253651279335,-1.8248964855260088,-0.7644713505124355,0
900.0,-0.5984600690578581,-0.7265325055853976,-1.8296957599716699,-0.8143267812229795,0
901.0,-0.8273662538502132,-0.8077800584183865,-1.8344070655744116,-0.8241647794006733,0
902.0,-0.6392346947337862,-0.8735016063391301,-1.7390299312075992,-0.7539843612538973,0
903.0,-0.44156560328703137,-0.727127350581964,-1.6435638945885218,-0.7437845448326488,1
904.0,-0.24223942240509658,-0.6723964849266394,-1.7480085023246206,-0.7935643501267388,1
905.0,-0.04920265790957862,-0.21326167637333002,-1.6023633099588237,-0.8633227991637837,1
906.0,0.12984892356184763,-0.15378809255145923,-1.6066278820139979,-0.8530589161070146,1
907.0,0.2877771004858055,-0.09804955525148684,-1.4108017920364917,-0.8427717273528494,2
908.0,0.21828577481956224,0.14997552711773354,-1.4148846226387806,-0.8124602616282581,2
909.0,0.316171977561332,0.4865057896953989,-1.3188759655412068,-0.862123550087887,2
910.0,0.3775332947055968,0.4080535077723982,-1.2727754216128067,-0.8917606264109426,2
911.0,0.9999234441746491,0.41151369223005774,-1.426582600911222,-0.9413705268978232,3
912.0,0.782449801365354,0.5942434078324246,-1.5302971227216964,-1.0109522905664907,3
913.0,1.125808985275245,0.6541292881518612,-1.5339186155951432,-0.9805049592485593,3
914.0,0.632259086501419,0.5896415224301419,-1.6374467173852933,-0.9300275776851231,2
915.0,0.30552964429420604,0.2998729352569972,-1.6408810752849077,-0.9395191936222738,2
916.0,-0.0493270384034975,0.18456216075901788,-1.4442213458610589,-1.008978857906327,2
917.0,-0.02613731433101224,0.14410031930412903,-1.6974671950894722,-0.998405624578738,1
918.0,-0.01785231574424731,-0.020478973837662284,-1.55061829838793,-0.9877985509706948,1
919.0,0.18317102947152453,-0.40752601264415134,-1.5536743406487283,-0.937156697797386,1
920.0,-0.015134707364620942,-0.6148171427960267,-1.7066350162701884,-0.9264791292519284,1
921.0,-0.6048637023149935,-0.6396115658897732,-1.759500029187214,-0.9757649130989423,0
922.0,-0.5784520590753348,-0.6787213543204514,-1.8622690929009016,-0.9450131207677827,0
923.0,-0.9289793576513949,-0.8285928882734581,-2.014941930507187,-0.8742228274453894,0
924.0,-0.8504445496652635,-0.9853976344823099,-1.9675182747245379,-0.8433931121687694,0
925.0,-1.1380052012169504,-0.9451299477696421,-2.0699978679206787,-0.9125230579170927,0
926.0,-0.7881705454427086,-1.0037093969887056,-2.172380462138356,-0.8416117517033922,0
927.0,-1.3989406483741416,-1.2570850014048518,-2.2746658191201337,-0.8506582846658632,0
928.0,-1.7698861399944006,-1.3013387147534825,-2.526853710332219,-0.8396617521587484,0
929.0,-1.9021653318657916,-1.1327855134293885,-2.678943916987313,-0.848621253842803,0
930.0,-1.7984780389030324,-1.1480675320111868,-2.6309362300664914,-0.8575358937753214,0
931.0,-2.062957946272352,-1.3442398413884398,-2.6828304503401075,-0.8464047804997409,0
932.0,-1.3010078124085915,-1.5188456782515731,-2.5846263883877127,-0.9152270271347798,0
933.0,-0.7190840780856532,-1.3699792041750332,-2.836323864616998,-0.9040017514631264,0
934.0,-0.9244394684975019,-1.4963341910855692,-2.8879227092817557,-0.9127280760196603,0
935.0,-0.32483384999180676,-1.5972373894242864,-2.989422762498851,-0.8614051281791975,0
936.0,-0.12822486868640764,-1.5726657265983126,-2.990823874264213,-0.8900320402437529,0
937.0,-0.5424507042304872,-1.6232468963801687,-2.7921259044678326,-0.9586079495293107,0
938.0,-0.37491758631657535,-1.750243324198441,-2.943328722907774,-0.9471319984520861,0
939.0,0.3676954683253796,-1.7555199179332108,-3.1444322093031953,-0.8556033346142913,0
940.0,0.47970292724834696,-1.6414964280363205,-2.9954362533063774,-0.8040211108893699,0
941.0,0.556639406525053,-1.31108563395772,-2.9963407545137564,-0.7323844855067089,0
942.0,0.5954376915138138,-0.9676189359324598,-2.897145622475965,-0.720692622135816,0
943.0,0.5945510170272068,-1.0147612529183627,-2.747850776706878,-0.6489446899699518,0
944.0,0.5540147319789499,-0.6564174006534224,-2.7984561466916604,-0.6371398638092098,1
945.0,-0.12455510986572482,-0.4966323414459942,-2.6989616718938167,-0.5652773241430364,0
946.0,0.3619738231460371,-0.33948785386026487,-2.5993673017612497,-0.5133562572321768,1
947.0,0.6181252643764303,0.011001738085764545,-2.649672995731309,-0.461375855190056,1
948.0,0.24963400192318186,0.05099211256640601,-2.499878723234854,-0.509335316063561,1
949.0,-0.1367827492845758,0.0769071548148973,-2.249984463699305,-0.5172338439132372,1
950.0,0.2663068583517113,0.3855303105244666,-2.2999902065507034,-0.5050706488928821,2
951.0,-0.13324697921112091,0.5740867541216674,-2.1998959512147693,-0.45284494732852815,2
952.0,-0.7274886801979363,0.5403142728878407,-2.1497017071169573,-0.5405559617968104,1
953.0,-1.108674440955577,0.5825210561631156,-2.099407493681516,-0.5282029212027078,1
954.0,-1.269580956967318,0.59962891338269,-1.999013340329543,-0.5757850608566535,1
955.0,-1.6037933932096717,0.5912008169219259,-2.0485192864760453,-0.563301622550998,0
956.0,-1.7059611233815026,0.45745206615638145,-2.147925381525997,-0.530751854635837,0
957.0,-1.3720110424897478,0.499244787545966,-2.247231684869398,-0.49813501209417027,0
958.0,-0.9993099486921525,0.4180659112410132,-2.246438265875335,-0.5454503566164048,1
959.0,-1.3867695207450994,0.21598918680737944,-2.2455452038850474,-0.5526971566741844,0
960.0,-1.3348897059372353,-0.10437779160466543,-2.1945525882039894,-0.47987468759354246,0
961.0,-1.2457387887687115,-0.33996019738274363,-2.343460518092902,-0.40698223162736796,0
962.0,-1.122870934975074,-0.5872945192303736,-2.392269102757886,-0.4140190780271818,0
963.0,-0.7711844981551075,-0.6426170380634957,-2.540978461339483,-0.4209845231142057,0
964.0,-0.39672673787063467,-0.7019599728452564,-2.4895887229007583,-0.4278778703497366,0
965.0,-0.006452734490878714,-0.9612528392715294,-2.488100026414398,-0.49469843040479544,0
966.0,-0.20794811208622188,-1.0164264320560208,-2.4865125207488106,-0.4414455212290604,0
967.0,-0.4091266235344332,-1.3635167745422865,-2.3348263646532392,-0.42811846811907167,0
968.0,-0.617914654166529,-1.1987663802048087,-2.283041726741888,-0.474716603785701,0
969.0,-0.04193522179699849,-1.2187202392702163,-2.431158785477062,-0.48123926842088016,0
970.0,-0.288204071059174,-1.320314078438841,-2.329177729151317,-0.5476858097635825,0
971.0,0.23715002219374315,-1.3009526390736805,-2.277098755868636,-0.4540555831650432,0
972.0,0.32912958584144036,-1.4585759742067825,-2.2749220735246145,-0.4203479516532316,0
973.0,0.7840676849396073,-1.5917120707769348,-2.322647899785673,-0.5065622859965424,0
974.0,0.5997741108443819,-1.8995144528410801,-2.4702764620672903,-0.51269796476672,0
975.0,0.5756226979194443,-1.7817838051690176,-2.4678079975112617,-0.5187543744010004,0
976.0,0.7125762867839094,-1.7389730648373112,-2.4652427529619856,-0.5247309092634671,0
977.0,1.213148338895313,-1.4721758507554334,-2.41258098494178,-0.4506269717056143,1
978.0,0.48130273277291286,-1.6830985266969156,-2.359822959625228,-0.5364419721261111,0
979.0,0.32229573666997585,-1.4740166114974502,-2.2069689528125633,-0.5221753290297626,0
980.0,0.5424664577455166,-1.4477166499404488,-2.304019249902089,-0.5478264690856536,0
981.0,-0.05101587813388117,-1.4074250292631678,-2.300974145861638,-0.6533948271844894,0
982.0,-0.45043774080547005,-1.2567255596969762,-2.2978339451990766,-0.6188798464951,0
983.0,-0.44784880991666776,-0.799467924482299,-2.244598961931854,-0.6042809785201253,0
984.0,-0.43537892910860865,-0.5396693380423679,-2.391269519555602,-0.5895976831508637,0
985.0,-0.8055518643146513,-0.4814119245003282,-2.3378459510117824,-0.6148294287212828,0
986.0,-1.1515833576199015,-0.3287384380499369,-2.584328598654398,-0.6599756920611852,0
987.0,-1.6676515942152632,-0.3855489890481415,-2.8307178142157516,-0.5650359585485265,0
988.0,-1.7491292997822128,0.044498585993607565,-2.92701395877128,-0.5700097221608729,0
989.0,-1.992768215317541,0.15808216542794618,-2.7732174027034406,-0.6548964855260088,0
990.0,-1.7968285949694307,0.5523002075082812,-2.6693285256646755,-0.69969575997167,0
991.0,-1.7611485642144218,0.524745871529822,-2.615347716539449,-0.7444070655744116,0
992.0,-1.2871505732838782,0.8735685016181451,-2.8612753734053555,-0.7890299312075991,0
993.0,-1.3777846885620169,0.5975209025353012,-2.6571119034933153,-0.7935638945885217,0
994.0,-1.037410982748722,0.795991199822514,-2.45285772314685,-0.7980085023246196,1
995.0,-1.471625712519911,1.069018470398316,-2.298513257780448,-0.8223633099588237,1
996.0,-1.2870382134339062,1.1172917443217596,-2.394078941837027,-0.7866278820139979,1
997.0,-1.09100740657978,1.0421324032210069,-2.5395552187444856,-0.8308017920364916,1
998.0,-0.4913484216157686,0.8454604250271665,-2.384942540871364,-0.8348846226387805,1
999.0,-0.2960210322120818,0.8297453373062136,-2.4802413694816043,-0.8788759655412068,1
1000.0,0.2871876750070059,0.49794313210739644,-2.3754521746884283,-0.8427754216128065,1
